word,count
време,678590
човек,452832
работа,429787
ден,422000
път,394380
хора,394312
година,378657
баща,374828
дявол,316332
сър,313127
майка,306416
жена,305467
място,289215
живот,266645
татко,263990
бож,248811
господин,245046
сам,234671
пара,232686
нужда,222932
начин,222175
приятел,212062
вечер,195647
проблем,192191
кола,175763
нощ,172617
мамо,168982
момиче,168332
момче,166931
име,161723
част,156529
мъж,153732
час,148792
брат,147975
минута,146133
помощ,139251
мамка,137813
дете,136187
страна,135989
глава,132194
момент,131000
човече,126355
свят,124676
случай,122530
дом,120853
май,120543
значение,120327
къща,119509
дъщеря,116984
въпрос,116506
идея,113472
истина,112341
мама,107810
земя,107153
мисъл,106557
семейство,106220
сестра,105222
врата,102323
полиция,101588
бог,101310
син,101264
град,100749
ръка,99473
око,98674
седмица,97954
среща,97865
смърт,96626
край,94362
сърце,93965
телефон,92422
училище,89655
месец,88245
чао,88085
дума,87622
долар,86806
любов,86111
шанс,85567
вода,85440
глупост,82761
право,81590
история,81471
номер,80354
стая,79331
тяло,77553
връзка,77213
затвор,76892
лице,75574
причина,75556
страх,74509
кръв,74420
превод,73833
късмет,72306
сигурност,69368
утро,69083
агент,68597
информация,68344
избор,67895
год,67559
сутрин,67487
грешка,66480
д-р,65978
чичо,64928
храна,64852
война,64494
браво,64375
родител,63213
план,61427
представа,59380
секс,59196
госпожо,58722
вечеря,58209
хиляда,57838
капитане,57824
луд,57723
смисъл,57416
кафе,56700
промяна,55730
дядо,55713
оръжие,55686
ред,55397
довиждане,55330
вид,55072
пич,55056
тип,54015
възможност,53729
внимание,53719
задник,53614
съпруга,53275
сила,53201
коп,51503
дама,50987
капитан,50923
бизнес,50821
грижа,50798
приятелка,49746
кораб,49624
чест,49566
легло,48640
убийство,48489
шефе,48468
удоволствие,48089
майна,47900
идиот,47844
коледа,47756
игра,47380
милион,47273
новина,46952
болница,46814
полицай,46217
доктор,45752
секунда,45562
куче,44964
решение,44840
глупак,44724
съобщение,44456
крак,44259
филм,44163
офис,43758
бебе,43715
удар,43684
души,43665
мога,43634
убиец,43473
хлапе,43377
уста,43105
отговор,42409
чувство,42348
адвокат,41381
контрол,41305
заповед,41277
група,40934
величество,40695
компания,40663
бъдеще,40647
детектив,40406
номера,40177
начало,40032
снимка,39904
безопасност,39876
огън,39843
тайна,39757
баба,39702
система,39590
лъжа,39527
подарък,39401
синко,39076
успех,38834
почивка,38713
лейтенант,38416
парта,38410
опит,38351
вина,38135
услуга,38002
лекар,37987
екип,37985
музика,37621
президент,37253
състояние,37218
крал,37133
книга,37052
субтитър,36939
мир,36805
цел,36703
поздравление,36418
улица,36417
сделка,36358
минало,36230
изненада,36039
гръб,36007
карта,35993
окей,35507
боб,35227
правило,34688
сватба,34434
сержант,33947
бира,33462
пистолет,33450
кучка,33338
слава,33208
госпожа,33181
песен,33075
герой,33069
шоу,32990
куча,32893
дреха,32858
опасност,32817
сметка,32266
сън,32259
господар,31590
ченге,31497
светлина,31404
точка,31298
половина,31186
полковник,31151
линия,31042
обяд,30936
съпруг,30701
доказателство,30624
съдба,30464
пистоле,30207
слънце,30082
бой,30055
чай,29734
мадам,29732
армия,29715
боклук,29636
разговор,29171
мистър,28973
коса,28882
съд,28799
риба,28753
душа,28700
метър,28595
вино,28545
магазин,28477
самолет,28379
болка,28369
небе,28325
мозък,28130
секса,27703
дупка,27630
звезда,27617
загуба,27520
битка,27473
маса,27425
тоалетна,27367
писмо,27295
съвет,27114
сграда,27067
операция,27019
етаж,27007
хотел,26966
мис,26922
достъп,26757
шега,26649
шеф,26543
жертва,26360
гора,26246
ехо,26237
прозорец,25991
сбогом,25983
борд,25922
лудост,25817
съжаление,25768
движение,25756
отбор,25650
генерал,25575
апартамент,25463
закон,25452
среда,25407
стена,25313
дълг,25261
епизод,25258
ниво,25219
надежда,25210
данна,25182
правителство,25076
въздух,24985
мисия,24695
чаша,24685
глас,24674
доверие,24673
поглед,24659
позиция,24415
полза,24336
гадже,24329
енергия,24226
защита,24146
километър,23982
център,23922
дон,23905
кухня,23856
списък,23830
клуб,23811
гей,23692
щастие,23682
дух,23681
благодарение,23632
наркотик,23555
питие,23524
сигнал,23406
желание,23347
уважение,23288
леля,23238
парти,23206
свобода,22982
църква,22978
клас,22897
чудо,22884
животно,22802
знак,22801
директор,22751
документ,22670
нос,22669
гост,22621
оу,22584
форма,22529
възраст,22514
шибан,22484
кон,22475
пътуване,22468
цена,22429
разлика,22350
търпение,22278
неприятност,22263
парче,22072
чанта,21974
кутия,21938
войник,21846
ситуация,21831
офицер,21797
оте,21796
ключ,21762
дело,21669
миличка,21655
планет,21610
охрана,21554
престъпление,21487
бар,21473
следа,21399
отдел,21388
река,21350
сезон,21269
изход,21167
такса,21058
бомба,21002
под,20958
партньор,20900
мнение,20897
инцидент,20811
дърво,20758
лорд,20652
капан,20615
брой,20587
планета,20559
свидетел,20558
атака,20418
костюм,20372
закуска,20369
ум,20262
кралица,20205
машина,20179
петък,20125
принц,20121
положение,20102
роля,20079
минутка,20024
мил,20022
клиент,20016
банка,20009
джин,20004
обувка,19981
член,19840
разрешение,19838
богу,19724
нож,19603
топка,19587
телевизия,19585
рокля,19486
чудовище,19460
колеж,19447
море,19207
стъпка,19078
зала,19078
огъня,19069
учител,18992
вкус,18948
кожа,18922
север,18818
интернет,18737
летище,18677
база,18661
предложение,18628
власт,18605
камък,18605
връх,18548
камера,18498
остров,18433
злато,18417
посока,18401
отговорност,18374
командир,18353
лодка,18349
баня,18335
събота,18318
граница,18300
код,18204
началник,18140
цвете,18133
модел,18100
честит,18080
награда,18072
месо,18070
полет,18066
парк,18036
поле,18003
език,17977
брак,17954
луна,17947
влак,17933
двойка,17933
хан,17870
заплаха,17827
сцена,17747
вселе,17640
проклятие,17638
покана,17631
контакт,17600
гръд,17577
тест,17522
същество,17488
интерес,17465
задача,17455
програма,17449
шум,17343
лейда,17336
магия,17332
кабинет,17203
лаборатория,17203
мляко,17184
тишина,17125
обаждане,17009
мач,16969
пиене,16951
риск,16944
служба,16893
стотица,16871
бюро,16853
скорост,16842
вяра,16733
док,16623
извинение,16601
ресторант,16593
миг,16548
ход,16516
враг,16444
век,16420
багаж,16310
неделя,16267
зона,16250
зъб,16235
съдия,16107
лед,16057
спомен,16054
катастрофа,16017
разследване,15989
адрес,15983
професор,15980
цвят,15894
милиметър,15880
кучко,15856
височество,15746
срам,15669
съмнение,15601
обяснение,15485
село,15418
целувка,15387
понеделник,15385
изток,15286
крадец,15284
радост,15271
планина,15256
договор,15253
гимназия,15242
резултат,15077
действие,15076
ъгъл,15067
лъжец,15061
победа,15037
плаж,15013
компютър,15011
процес,14970
курва,14953
юг,14916
бутилка,14876
момиченце,14853
милост,14759
замяна,14701
газ,14681
факт,14680
общество,14674
изключение,14643
видео,14639
лагер,14634
алкохол,14629
генерале,14592
чък,14571
съвпадение,14553
проект,14545
настроение,14509
природа,14491
острова,14471
рак,14433
мечта,14421
разстояние,14415
район,14384
приказка,14378
пръстен,14378
пациент,14373
ядене,14357
уикенд,14318
беда,14311
камион,14289
копие,14202
урок,14183
памет,14160
рай,14141
меч,14122
запад,14094
автобус,14059
сок,13997
роб,13925
купон,13885
воля,13848
теория,13846
куршум,13843
насилие,13774
късметлия,13684
принцеса,13677
братовчед,13599
прикритие,13587
картина,13583
градус,13576
глад,13540
радио,13536
бряг,13522
борба,13521
гений,13512
трева,13486
банда,13480
лекарство,13463
ляв,13460
зло,13426
буря,13396
миличък,13394
кариера,13392
майор,13368
копеле,13357
престъпник,13338
шапка,13330
ангел,13319
курс,13313
отношение,13304
хартия,13295
парка,13246
дъно,13235
шериф,13224
министър,13218
след,13206
братя,13136
продължение,13128
сол,13125
езеро,13124
котка,13123
гърло,13030
звук,13029
пример,12979
яйце,12960
пръст,12893
куп,12867
отряд,12864
отмъщение,12827
режисьор,12767
красота,12746
намерение,12716
тъп,12701
поведение,12700
тревожа,12657
наем,12651
университет,12618
усмивка,12612
кошмар,12564
доклад,12555
лайна,12546
инспектор,12546
тим,12534
преса,12532
франка,12510
мост,12498
изстрел,12440
смяна,12416
бум,12357
сита,12341
страница,12340
практика,12317
шерифе,12304
народ,12278
брато,12261
билет,12228
кръг,12224
болест,12191
стълба,12188
отпечатък,12188
полунощ,12183
запис,12180
проверка,12173
погребение,12128
масло,12116
гол,12114
познат,11967
ухо,11964
братле,11929
спокойствие,11922
кино,11912
нула,11904
прокурор,11888
океан,11865
шибана,11860
вятър,11859
дрога,11838
шампанско,11831
спалня,11827
тревога,11823
шофьор,11798
собственост,11794
квартал,11784
трупа,11775
бон,11775
управление,11757
пиц,11751
самоубийство,11730
космос,11709
хляб,11687
джоб,11676
досие,11666
състезание,11658
заместник,11656
сладолед,11654
колене,11573
пръстена,11537
пилот,11534
сирене,11504
лов,11468
помощник,11467
бележка,11440
мазе,11429
крачка,11428
прах,11418
период,11407
степен,11378
пожар,11340
стрелба,11339
рок,11327
разходка,11312
служител,11311
измама,11308
часовник,11304
уиски,11242
уоу,11226
подкрепа,11225
отец,11194
пустиня,11186
кофт,11180
действителност,11170
нападение,11145
птица,11129
уред,11126
интервю,11124
фирма,11102
пиле,11101
градина,11076
лято,11061
дворец,11058
готовност,11054
наблюдение,11042
повърхност,11033
смях,11026
стол,11019
процент,10981
фен,10972
труп,10950
страхливец,10934
профес,10933
човечество,10909
милорд,10896
полека,10810
вторник,10809
двор,10808
коридор,10734
пост,10725
съзнание,10718
пространство,10701
стоп,10689
умение,10626
мосю,10604
изкуство,10597
четвъртък,10586
средство,10573
играч,10568
затворник,10541
лельо,10541
мрежа,10536
канал,10528
присъда,10512
тема,10499
цигара,10440
тон,10409
устройство,10397
реч,10367
сестро,10354
съветник,10334
съкровище,10334
танц,10332
талант,10302
вещица,10289
водач,10287
адвока,10285
чан,10284
руснак,10280
условие,10266
предател,10253
каша,10252
торт,10233
гроба,10228
здраве,10195
захар,10194
бала,10167
принцип,10137
молба,10134
наказание,10129
гадост,10123
пазар,10111
призрак,10098
танца,10075
обвинение,10070
кей,10057
приятелче,10039
местопрестъпление,10033
гаража,10030
дъх,10026
вампир,10025
вестник,10013
американец,9988
сума,9944
хапче,9943
линейка,9929
подкрепление,9876
рана,9874
кал,9860
слух,9848
голф,9846
лидер,9830
проба,9801
пай,9789
роман,9783
бъркотия,9781
задница,9775
изследване,9770
кучета,9764
старче,9754
търсене,9739
флот,9739
шибание,9732
роднина,9710
експерт,9696
сенатор,9691
командире,9681
свещеник,9672
футбол,9666
мярка,9655
предупреждение,9653
дата,9648
източник,9648
подробност,9631
шампион,9622
дъжд,9600
заповедт,9594
показание,9583
поем,9557
душ,9552
редакция,9549
мячта,9542
ужас,9534
елий,9486
лечение,9484
съюз,9472
политика,9467
демон,9454
майтап,9450
замък,9445
връщане,9429
библиотека,9396
пена,9379
територия,9378
шоколад,9370
течение,9368
повод,9363
супа,9357
личност,9351
цар,9343
поща,9333
сняг,9331
чук,9324
басейн,9323
отрова,9273
екипажа,9234
спя,9229
усилие,9213
щат,9170
проклета,9139
събитие,9126
стил,9115
сид,9111
шпионин,9100
версия,9098
стомах,9089
ученик,9052
съсед,9037
буден,9024
теди,9010
вариант,8980
обир,8952
ефект,8937
огледало,8917
учен,8912
присъствие,8898
пушка,8881
обстоятелство,8877
змия,8872
юн,8871
напрежение,8868
вик,8865
сандвич,8838
кода,8824
вход,8759
сълза,8751
звяр,8750
старец,8748
опашка,8747
склада,8738
очил,8733
гаща,8729
наука,8726
алфа,8726
вълна,8710
бел,8701
треньор,8689
сравнение,8680
клетка,8670
размер,8670
плъх,8668
дроб,8666
другарю,8618
гориво,8618
реакция,8600
шок,8573
гняв,8571
мениджър,8550
проститутка,8530
стока,8523
организация,8509
гаранция,8500
станция,8489
бас,8478
дял,8475
сектор,8464
сянка,8445
библия,8438
цветя,8419
смелост,8412
бягство,8402
прасе,8384
асансьор,8350
сряда,8348
тост,8346
логика,8343
юли,8335
нещастник,8332
маршал,8316
криза,8294
клиента,8271
нещастие,8262
кост,8246
педал,8244
друже,8243
символ,8234
порно,8228
паника,8218
сценарий,8209
тълпа,8197
бельо,8179
материал,8176
кураж,8175
списание,8173
готвач,8164
дивана,8160
писател,8153
актьор,8142
колега,8137
панталон,8135
рамо,8129
книжка,8121
хаос,8120
статия,8113
негодник,8095
маска,8092
младеж,8078
пола,8077
технология,8064
ръб,8061
мечка,8061
устна,8058
септември,8057
въже,8029
чек,8024
страст,8006
дар,8004
колело,8000
принцесо,7997
кула,7997
раждане,7991
поколение,7988
грях,7982
ловец,7979
участък,7973
кражба,7939
мисис,7926
публика,7926
ферма,7918
лун,7914
секретар,7902
багажник,7896
фамилия,7889
хеликоптер,7880
арест,7873
остатък,7867
прокле,7866
улика,7863
справедливост,7861
лира,7859
срок,7857
обект,7854
разположение,7837
сос,7834
цент,7820
нетърпение,7803
миризма,7795
област,7794
телевизор,7793
риза,7768
глупачка,7753
дракон,7745
тъпак,7744
терапия,7734
холивуд,7727
очила,7717
забавление,7676
реалност,7671
вирус,7661
плът,7652
заем,7648
посещение,7628
сеньор,7601
скала,7592
униформа,7576
цица,7568
репутация,7566
проучване,7545
джунгла,7542
реклама,7542
бонбон,7533
хладилник,7532
род,7529
слабост,7516
килограм,7512
собственик,7508
споразумение,7489
усещане,7482
храм,7464
корема,7457
анализ,7452
играчка,7441
труд,7439
вълк,7434
развод,7431
хода,7426
температура,7420
вана,7390
паркинг,7388
техника,7386
агенция,7384
зима,7337
вещ,7328
трагедия,7322
милейда,7315
спусък,7314
стойност,7304
гледка,7303
мрак,7303
провал,7295
държава,7284
легенда,7264
трона,7264
победител,7253
ваканция,7250
таван,7234
етап,7230
оператор,7212
зоната,7202
ком,7198
акт,7196
отделение,7186
хумор,7183
боец,7174
заплата,7158
маймуна,7154
художник,7154
долина,7150
косъм,7128
кмет,7124
налягане,7121
метро,7105
влияние,7093
сейфа,7092
портфейл,7080
актриса,7074
впечатление,7068
гордост,7063
джентълмен,7058
робот,7043
професионалист,6990
двигател,6987
председател,6974
империя,6970
протокол,6967
мотив,6952
обяда,6946
гражданин,6935
безсъзнание,6933
характер,6930
евреин,6913
кокаин,6905
уши,6895
майстор,6889
сладурче,6885
вселена,6882
август,6877
раса,6873
тренер,6860
гара,6859
комисия,6838
клей,6831
изпит,6829
капка,6823
марш,6817
прошка,6807
шибаняк,6804
пътешествие,6804
основа,6798
обучение,6797
предчувствие,6795
загубеняк,6784
клиника,6784
водка,6783
обещание,6777
юни,6773
министерство,6768
булка,6765
доставка,6760
сантиметър,6756
небеса,6752
мъртвец,6741
приятелство,6735
вярване,6712
специалист,6700
контрола,6697
роза,6692
милиард,6687
склад,6685
пакет,6669
биле,6663
репортер,6651
рода,6649
серия,6642
госпожица,6635
хирург,6630
красавица,6629
грим,6627
местенце,6625
аларма,6622
разпит,6621
тренировка,6616
ракета,6593
омраза,6583
скок,6578
кислород,6577
убежище,6549
празник,6540
студио,6536
белег,6523
октомври,6523
пристанище,6510
кол,6507
тунел,6506
предимство,6505
комисар,6497
детство,6491
граф,6487
способност,6485
концерт,6485
психиатър,6475
дневник,6461
количество,6460
мацка,6454
бензин,6444
ток,6434
кукл,6433
март,6420
измамя-(се),6409
стрес,6404
правосъдие,6397
наследник,6397
магьосник,6392
шерифа,6388
стъкло,6377
листа,6375
фабрика,6373
височина,6372
отвличане,6372
напредък,6371
божия,6361
стрийт,6358
благодарност,6342
фаза,6335
клетва,6326
евро,6317
спирка,6299
командване,6295
сънище,6294
церемония,6289
традиция,6288
звука,6286
разход,6274
трик,6269
колан,6269
оферта,6245
процедура,6242
уча-(се),6240
кръст,6239
салата,6220
април,6214
мотор,6204
заек,6192
столица,6186
яке,6186
театър,6186
предизвикателство,6175
музей,6172
график,6171
атмосфера,6166
сем,6165
изявление,6163
каубой,6154
треска,6151
килия,6148
мишен,6145
инструмент,6138
асистент,6133
тъмнина,6113
терорист,6113
спала,6109
палто,6108
длъжник,6103
хълм,6102
оборудване,6099
число,6095
търговец,6094
медия,6092
плод,6091
дим,6091
предаване,6088
кинта,6086
щит,6083
омар,6078
изрод,6073
редник,6072
експлозия,6069
липса,6052
работник,6038
образ,6038
бебче,6034
праг,6027
вършене,6027
полк,6019
момченце,6019
пол,6008
дузина,6007
картоф,6005
същност,5995
изпълнение,5990
такси,5990
доза,5985
топ,5985
множество,5980
експеримент,5970
спорт,5965
продуцент,5958
печалба,5956
тайминг,5946
родина,5942
математика,5938
представление,5925
посланик,5921
поръчка,5920
рицар,5915
череп,5901
тигър,5895
кандидат,5894
навик,5889
вероятност,5883
нерви,5877
обиколка,5871
каса,5860
ноември,5859
задължение,5852
чифт,5850
диамант,5849
мощност,5843
корона,5834
взрив,5829
порта,5826
кампания,5822
участие,5818
покер,5818
крава,5816
чаши,5812
свиня,5810
недоразумение,5810
последствие,5805
приключение,5799
бинго,5788
покой,5767
император,5762
слуга,5756
създание,5747
галактика,5746
воин,5735
засада,5734
рока,5734
ориз,5731
хероин,5730
случайност,5721
нарушение,5720
магистрала,5704
касета,5688
персонал,5679
количка,5678
спор,5673
братовчедка,5672
измамник,5667
имение,5664
купа,5657
инфаркт,5650
нокът,5650
торта,5650
наук,5649
вечност,5635
любовник,5631
самоличност,5618
заложник,5610
нация,5608
върх,5604
фон,5604
крило,5599
бижу,5596
екран,5595
блок,5595
предмет,5578
детайла,5573
мръсник,5569
студент,5569
подявол,5564
застраховка,5561
пясък,5560
имот,5553
мощ,5550
тор,5545
отпуск,5544
скандал,5541
кит,5540
медицина,5538
кунг,5533
германец,5528
мислене,5522
кученце,5520
богатство,5504
торба,5483
чин,5479
генууда,5479
игричка,5469
призрац,5469
хапчета,5460
разум,5458
преговори,5446
взлом,5444
пещера,5441
отбрана,5439
събиране,5431
развитие,5427
пазач,5427
строй,5425
другара,5424
мошеник,5424
казино,5423
инструкция,5422
пиано,5418
режим,5410
инженер,5408
крем,5401
ресурс,5394
останка,5390
кити,5388
кап,5388
умъ,5385
картичка,5381
супермен,5380
салон,5370
кауза,5369
екипаж,5366
бей,5363
дейност,5360
стрелец,5360
щета,5359
декември,5358
професия,5348
бал,5346
психопат,5342
образование,5341
алиби,5340
рунд,5336
лъв,5322
сал,5322
стратегия,5311
парола,5308
чужбина,5305
чип,5305
травма,5303
кулога,5300
разузнаване,5298
откриване,5294
купчина,5287
светлост,5285
покрив,5273
рамка,5271
белез,5265
близост,5263
емоция,5260
орган,5258
верига,5251
седалка,5249
послание,5246
апетит,5246
журналист,5244
лист,5240
жалост,5219
гроб,5218
пета,5210
орбита,5209
координат,5207
суза,5207
оценка,5206
преглед,5203
дел,5199
чен,5199
култура,5190
медал,5189
красавице,5186
ваната,5183
фей,5147
лиза,5145
прегръдка,5141
академия,5135
пулс,5120
морга,5117
гледане,5116
бавачка,5108
редактор,5093
куфар,5092
откачалка,5091
лампа,5082
ръкавица,5073
лудница,5068
годеница,5067
злополука,5065
посетител,5064
монета,5060
бизнесмен,5052
татуировка,5044
партия,5044
главоболие,5042
мишка,5041
значка,5040
масаж,5024
драм,5020
негър,5017
влизане,5016
продукт,5015
пробив,5014
немец,5006
форт,5001
клоун,5000
мотел,5000
материя,4998
жури,4995
куфарче,4994
бебчо,4991
пенис,4990
натиск,4987
французин,4983
хаус,4980
превъзходителство,4980
революция,4976
колекция,4972
обхват,4961
частица,4957
завръщане,4955
разбиране,4952
японец,4928
тъпанар,4924
изпитание,4924
куба,4917
тило,4917
данък,4917
кралство,4916
акула,4916
пролет,4908
свидетелство,4907
бунт,4905
оцеляване,4902
патрул,4901
основание,4900
тенис,4900
дарба,4885
близнак,4879
гащи,4878
уговорка,4876
губернатор,4864
кърп,4860
януари,4857
зет,4855
ограда,4854
десятка,4839
годишнина,4833
белезници,4832
чий,4832
потвърждение,4822
старт,4822
десерт,4822
майтапиш,4817
кора,4813
сценария,4808
миля,4803
акцент,4799
комбинация,4797
диск,4792
федерация,4788
обада,4777
съвест,4773
рецепта,4765
лук,4762
сода,4757
представител,4753
комплимент,4753
горкия,4747
албум,4746
съществуване,4743
залез,4743
пиеса,4740
войска,4738
ска,4736
учителка,4729
молитва,4714
папа,4712
мода,4708
наследство,4707
акция,4706
тих,4702
подготовка,4691
признак,4688
мъка,4683
спок,4673
килер,4669
достойнство,4667
щаб,4665
племе,4663
ритъм,4663
повикване,4662
мостика,4661
женя,4656
чело,4655
бъд,4653
брад,4653
ух,4646
транспорт,4645
петно,4645
въображение,4632
совалка,4631
обидя,4626
сенка,4620
изчезване,4617
повишение,4614
пърса,4612
обич,4610
метал,4605
продажба,4604
управител,4602
звяра,4600
паспорт,4596
общност,4593
елен,4587
прическа,4584
сейф,4580
марка,4578
шера,4576
писта,4572
излизане,4572
батко,4570
създане,4570
пръчка,4569
проява,4568
подход,4555
волан,4545
проклето,4537
товар,4532
фронт,4531
окръг,4530
вещик,4528
лъч,4523
калибър,4521
съпротива,4518
съгласие,4514
предположение,4513
финал,4508
късметлийка,4500
терен,4498
защитник,4495
качество,4495
чиния,4491
чорап,4491
решетка,4488
шах,4485
лекаря,4474
заговор,4472
палачинка,4457
прокуратура,4443
царство,4443
сестричке,4442
стража,4442
пресечка,4439
файл,4439
спасител,4438
тръба,4415
конгрес,4411
фута,4406
срамота,4401
паунда,4398
посолство,4396
ефир,4396
бандит,4390
наркоман,4390
мълчание,4389
ефрейтор,4386
спасение,4385
потенциал,4384
мафия,4384
зема,4378
лъжкиня,4376
облак,4373
метод,4366
дрън,4365
сенат,4356
доброволец,4356
татенце,4348
зли,4344
пап,4343
бейзбол,4341
коментар,4337
религия,4332
рамен,4330
ябълка,4327
четвърт,4325
индианец,4324
приоритет,4323
сир,4317
бийч,4316
магаре,4306
гардероб,4301
меню,4300
телевизионен,4298
бедствие,4294
гума,4290
създаване,4288
игрище,4285
цирк,4283
кун,4282
местоположение,4280
заболяване,4279
мише,4276
пътник,4275
категория,4274
радиация,4271
тъпако,4269
течност,4266
буква,4262
активност,4261
квит,4260
електричество,4259
войнико,4255
завещание,4254
трафик,4252
съболезнование,4251
квартира,4241
ринг,4240
лига,4240
инфекция,4239
аплодисмент,4237
жилище,4236
раз,4235
жал,4232
коляно,4228
изнасилване,4224
израз,4224
видение,4223
мед,4221
гадняр,4219
подпис,4216
загадка,4213
бунтовник,4209
облекчение,4204
уличница,4202
събрание,4201
дог,4199
патрон,4195
слон,4193
шик,4192
гравитация,4191
любимец,4181
конфликт,4180
заклинание,4179
вратовръзка,4174
периметър,4163
горка,4154
пристъп,4153
маниак,4153
хранене,4147
взвод,4145
измяна,4141
сблъсък,4139
раница,4131
хоб,4128
беглец,4126
търговия,4119
сена,4115
грабеж,4112
войн,4111
младежо,4111
китара,4110
любовница,4108
вила,4102
гангстер,4097
заведение,4094
титла,4092
орел,4087
ремонт,4085
предци,4083
чила,4082
мъгла,4081
автограф,4080
студ,4080
китаец,4079
стомана,4075
завой,4071
стрел,4069
откритие,4064
признание,4063
сайт,4062
фонд,4057
съучастник,4053
фантазия,4053
дъска,4051
господарке,4048
простотия,4048
топлина,4046
депресия,4043
разпитам,4038
англичанин,4034
горд,4033
диет,4030
пан,4026
бък,4022
глупчо,4021
кацане,4018
сладур,4017
минус,4015
коктейл,4010
вдовица,4004
игла,4003
бик,4003
лента,4002
бутон,4001
свяща,4001
бекон,3997
кока,3996
ядро,3993
петна,3990
употреба,3989
централа,3983
примамка,3973
преследване,3970
червей,3968
кафене,3963
газт,3961
горко,3953
бисквит,3952
адмирал,3952
пропуск,3947
аутопсия,3946
акъла,3945
детектива,3941
площадка,3941
ритуал,3939
превоз,3937
рупия,3935
робота,3931
пречка,3929
чад,3928
произход,3928
клан,3927
сензор,3919
гробище,3916
кош,3910
цивилизация,3910
ковчег,3906
предателство,3905
жест,3894
мистерия,3890
експлозив,3888
рекорд,3886
зомба,3883
портала,3880
братко,3879
благословия,3878
пратка,3878
пепел,3873
пас,3870
симптом,3869
честота,3867
имунитет,3865
автомобил,3862
февруари,3860
гръм,3860
обичай,3859
описание,3858
консултант,3853
бебета,3849
тумор,3848
мускул,3843
сведение,3840
поезия,3838
пияница,3838
вал,3836
кана,3834
растение,3832
пристигане,3828
прекарване,3823
зеленчуца,3821
ера,3821
фигура,3819
клечка,3819
бла,3814
насила,3810
имейл,3806
самозащи,3805
красавец,3805
редица,3804
поп,3803
отряда,3802
лесбийка,3799
повред,3798
яхта,3797
детект,3795
структура,3786
цифра,3777
мина,3772
самоубия-се,3771
градче,3762
трудност,3762
ул,3761
информатор,3759
страдание,3747
спагет,3743
упражнение,3741
маце,3740
пожарна,3740
роуд,3735
сценарист,3720
плячка,3717
ръководител,3717
дочуване,3711
пътека,3710
желязо,3707
прякор,3705
дъвка,3702
яка,3697
преживяване,3694
провинция,3691
тегло,3686
бос,3684
хит,3671
длъжност,3670
резервация,3666
следовател,3662
инстинкт,3662
драскотина,3661
хот,3655
позор,3652
деб,3648
поправка,3642
скарлет,3642
размяна,3640
вена,3629
ботуш,3628
население,3625
пясъка,3623
профил,3621
кадър,3619
команда,3616
плик,3616
илюзия,3610
обида,3610
шкафче,3608
горда,3605
пират,3602
тениска,3600
лъча,3598
палуба,3594
фотограф,3590
джудже,3590
ноща,3583
хьонг,3583
стива,3583
шпион,3582
марихуан,3582
школа,3580
прослушване,3579
изгрев,3577
уте,3576
шибаний,3575
позволение,3574
левия,3573
чипс,3572
свирка,3571
радиус,3568
индустрия,3567
поет,3566
излитане,3564
тежест,3559
боулинг,3556
унищожение,3556
монта,3554
елемент,3551
сако,3551
напитка,3546
глътка,3542
киселина,3539
ресто,3538
дилър,3538
еба,3537
крепост,3537
пикник,3536
върколак,3534
очакване,3533
настояще,3532
физика,3532
вицепрезидент,3530
косм,3528
поток,3528
отрепка,3524
паяк,3523
облекло,3522
сатана,3520
четене,3519
черво,3516
виждане,3515
батерия,3514
пей,3512
танк,3511
нацист,3502
обед,3501
кукла,3497
ръст,3497
ром,3495
сервитьорка,3495
суша,3493
чукане,3492
лазаре,3492
сапун,3492
конференция,3491
фоайе,3489
парфюм,3487
пране,3487
десен,3486
шкаф,3484
вярност,3480
лаптоп,3480
каравана,3478
нинджа,3477
евакуация,3475
уеб,3475
заседател,3473
губене,3473
рота,3472
нараняване,3472
мъдрост,3472
намеса,3471
тъга,3469
камала,3466
подслон,3464
залог,3464
конгресмен,3463
парол,3462
цикъл,3462
рола,3460
хоп,3454
секретарка,3450
момък,3449
дупе,3445
бонус,3445
бащи,3442
снаха,3442
кеш,3440
подводница,3438
майчице,3437
вдъхновение,3433
поничка,3433
аромат,3433
острие,3432
притежание,3426
гнездо,3426
прислужница,3426
пазител,3425
порт,3421
сметана,3416
ученичка,3416
противник,3412
република,3407
числа,3405
нареждане,3397
жител,3396
мит,3390
наполеон,3387
корпус,3384
печат,3383
заподозрение,3380
мебел,3380
епоха,3378
упорит,3376
пържол,3369
риболов,3369
пикап,3368
арт,3368
стипендия,3367
племенник,3363
брей,3359
племенница,3356
дълбочина,3354
котенце,3351
младост,3350
бакшиш,3345
алея,3344
интелект,3341
емет,3341
падане,3341
кралю,3336
захранване,3334
оплакване,3329
лоялност,3328
надпис,3328
баскетбол,3327
зъболекар,3326
дола,3324
екскурзия,3320
дишане,3317
капак,3317
миа,3314
тормоз,3314
кмете,3313
почит,3308
идване,3307
британец,3306
коте,3302
скоч,3301
бин,3301
поговор,3300
десетилетие,3300
намиране,3299
полу,3299
китка,3298
текиле,3296
норма,3295
любопитство,3291
синтия,3287
убиване,3287
сперма,3286
мячка,3286
ранчо,3284
кръчма,3284
поход,3283
лягане,3282
състав,3282
афера,3280
сребро,3277
крос,3273
лъка,3272
джаз,3269
химия,3268
юмрук,3262
мамче,3256
бъз,3255
лекция,3252
съдържание,3252
нерва,3251
хол,3247
бай,3244
зайче,3244
политик,3242
муха,3239
терапевт,3239
йога,3239
статуя,3233
издирване,3227
барбек,3223
балон,3222
дисциплина,3220
освобождаване,3220
инжекция,3220
корпорация,3214
куража,3214
разстройство,3210
комплект,3210
тръпка,3209
почистване,3206
обстановка,3206
хер,3200
калта,3198
тик,3196
мартина,3196
обиск,3195
парченц,3193
жега,3186
запада,3186
кофа,3184
физиономия,3183
анта,3181
земетресение,3179
ирония,3179
тъкан,3177
товара,3175
гама,3174
грип,3171
новак,3169
гъба,3165
кредит,3165
възстановяване,3164
братство,3163
джип,3162
спиране,3161
скапаняк,3161
танцьорка,3160
ярост,3159
принце,3156
преценка,3147
измислица,3146
икономика,3143
опера,3142
турнир,3136
вест,3130
бате,3124
картофка,3124
грана,3124
пера,3119
соло,3115
благотворителност,3114
чума,3114
литература,3113
заключение,3112
бу,3111
турист,3107
костенурка,3106
турне,3106
загубеняка,3105
спасяване,3103
съюзник,3102
осветление,3097
пламък,3096
остър,3096
плоча,3095
новобранец,3095
маршрут,3093
светец,3092
адмирале,3092
монах,3091
безпокойство,3089
севера,3087
ръководство,3087
ястие,3085
лисица,3084
перверзник,3083
престрелка,3083
руса,3081
палатка,3080
знание,3080
фитнес,3077
стадо,3072
мръсотия,3072
жаба,3069
помещение,3069
егоист,3067
преднина,3067
дивизия,3067
тен,3061
представяне,3061
плен,3059
схема,3056
темпо,3055
постъпка,3052
счетоводител,3051
франк,3044
кабина,3041
механизъм,3039
гробница,3038
гривна,3037
класика,3035
музикант,3028
девойка,3028
олтар,3026
миш,3022
правене,3022
комплекс,3022
чашка,3021
глоба,3020
кристал,3019
леглата,3017
килим,3017
ранг,3017
кучий,3012
апарат,3009
як,3005
трезор,3004
изнудване,3000
бокс,3000
оправдание,2998
отстъпка,2996
мола,2995
вона,2993
дизайн,2990
площад,2990
микрофон,2985
оръдия,2981
бюджет,2980
тройка,2979
изглед,2979
прогрес,2975
оставка,2975
акул,2973
годежа,2972
конкурс,2970
пуканка,2967
паст,2967
негодница,2962
зеле,2956
провизия,2955
зрение,2954
екшън,2953
заблуда,2953
мокра,2952
спец,2948
манастира,2948
блондинка,2947
премиер,2947
негро,2944
поласкан,2941
суши,2939
скарид,2938
пентагона,2937
пишка,2935
ценност,2933
рокла,2933
щастливец,2930
внук,2930
морал,2928
възглавница,2927
корица,2923
тан,2918
повреда,2918
селянин,2916
фестивал,2915
лудия,2914
светкавица,2913
психолог,2912
римляна,2908
звер,2908
интерпол,2905
олеле,2904
карантина,2903
фермер,2902
смотаняк,2899
дий,2896
гуша,2893
богиня,2893
аут,2890
изражение,2890
попадение,2888
парад,2888
колоние,2886
конспирация,2886
найстина,2886
сателит,2885
увереност,2881
знака,2880
репетиция,2880
пси,2879
табло,2877
комуникация,2877
оръдие,2876
скук,2875
певица,2875
портал,2873
запас,2867
чудеса,2866
насеком,2860
бижута,2858
зърна,2855
баланс,2854
чар,2854
използване,2851
почва,2849
мръсница,2847
полицая,2841
пенсия,2836
пехотинец,2832
енд,2831
кралице,2829
екстра,2827
продавач,2827
коза,2827
скривалище,2824
моряк,2822
трафика,2820
транс,2818
поддръжка,2817
производство,2811
бонг,2811
чистене,2809
ядка,2803
певец,2802
пух,2799
одобрение,2797
философия,2794
банска,2794
другар,2792
знаме,2788
тийнейджър,2787
пуловер,2786
отпадък,2786
празненство,2785
идиотка,2783
тръгване,2778
блясък,2777
глезен,2771
хапване,2771
местонахождение,2768
някакъс,2767
пуйка,2767
откуп,2765
умник,2765
визитка,2762
бреме,2761
палуб,2761
престъпност,2760
динамит,2759
крада,2756
ключалка,2755
хип,2753
отчаяние,2752
усложнение,2749
огърлица,2748
видимост,2747
подкуп,2744
блуза,2742
брон,2739
барман,2736
демонстрация,2736
мания,2735
линк,2735
шунка,2735
допълнение,2734
обноска,2734
женчо,2732
есен,2731
бутай,2730
батальон,2724
загриженост,2724
прицел,2723
радар,2722
репортаж,2722
образа,2721
вътрешност,2720
пълнолуние,2718
оцелел,2717
монахиня,2716
морфин,2714
жалба,2713
институт,2713
секция,2711
дивак,2709
колана,2708
захарче,2708
забава,2708
въжета,2706
примирие,2703
конкуренция,2703
балкон,2703
платформа,2703
небес,2701
копче,2700
архив,2698
червило,2698
гараж,2697
автор,2697
старгейт,2695
писане,2695
клане,2691
серж,2691
казване,2689
вулкан,2689
закрила,2688
дължина,2687
измерение,2686
пастор,2685
дев,2685
неуважение,2685
галерия,2684
преподобна,2682
скръб,2682
миличко,2682
поредица,2681
синхронизация,2681
груп,2680
флаг,2678
лимон,2677
инвалид,2674
мисисип,2673
дън,2672
понятие,2672
плуване,2672
птичка,2670
плащане,2670
артист,2668
легенди,2668
рейнджър,2667
задръстване,2666
предавател,2665
стълб,2665
думай,2662
екс,2661
болна,2653
залога,2651
чужденец,2649
праха,2648
свята,2646
искане,2643
издание,2642
хокей,2641
полюс,2641
спектър,2639
портрет,2639
крайбрежие,2638
танцьор,2637
финанси,2636
постижение,2636
максимум,2636
единица,2631
разнообразие,2629
почитател,2628
бренда,2628
аспирин,2628
пауза,2627
яма,2626
танго,2626
стриптийз,2626
ерген,2624
злодей,2624
бут,2623
синдром,2623
фокус,2622
хармония,2621
детайл,2620
зависимост,2620
годеник,2620
четка,2618
брада,2616
двубой,2612
абсурд,2609
лотария,2608
случка,2606
поза,2605
хижа,2603
балет,2601
буболечка,2601
слънчице,2601
манастир,2601
пица,2599
зоопарка,2597
скитник,2597
завършване,2596
изслушване,2594
предца,2594
царица,2594
скапане,2594
хоризонт,2593
господарка,2592
джедай,2590
прахта,2589
веранда,2586
млък,2586
буса,2585
маршру,2584
кънтра,2579
сандъка,2578
гвардия,2578
демо,2578
сърдит,2578
полудея,2574
прием,2574
шия,2573
одеяло,2573
стадион,2572
разочарование,2572
зомбит,2571
цвет,2570
сед,2568
старшина,2568
минимум,2566
банкнота,2565
барут,2564
микробус,2563
телеграм,2563
тат,2563
раздяла,2560
паркиране,2558
доносник,2556
инвестиция,2556
закъснение,2555
ожен,2555
химикал,2553
инч,2553
пряк,2552
рецепция,2550
спирачка,2549
оргазъм,2547
сканиране,2546
кила,2545
похитител,2543
мивка,2543
вълка,2542
пеперуда,2540
донор,2540
скут,2539
изобилие,2538
алкохолик,2538
вещество,2537
палец,2536
сводник,2535
гето,2535
янка,2533
специалност,2533
дарение,2532
мичман,2527
снайперист,2525
патица,2523
клон,2522
диван,2520
дистанция,2520
кървене,2520
ревност,2520
лъжица,2519
пункт,2518
самота,2517
кърпа,2517
тактика,2515
ангажимент,2513
кръвоизлив,2507
овце,2506
реплика,2506
объркване,2505
аборт,2504
тел,2503
лейт,2501
сенсей,2498
чупка,2497
господина,2491
изстрелване,2491
плат,2491
шосе,2490
фейсбук,2489
пратеник,2489
стажант,2489
корен,2488
грама,2486
обсъждане,2484
диагноза,2483
изречение,2482
закусвалня,2482
парцал,2481
мустак,2480
артерия,2480
рисунка,2480
екзекуция,2480
бисквитка,2479
бодигард,2471
броня,2470
жилетка,2469
сирак,2469
студентка,2469
сандък,2466
каюта,2464
владетел,2463
отров,2461
янки,2461
ярд,2461
драго,2458
добитък,2458
трън,2458
корем,2458
обслужване,2457
шепа,2457
смотиметър,2455
скенер,2455
нищожество,2454
бето,2453
гонг,2453
отца,2453
вреда,2453
поява,2451
архитект,2450
зайка,2449
куриер,2449
дизайнер,2447
чипа,2446
мъртъвец,2444
бременност,2442
печка,2440
резервоар,2438
познание,2438
мелодия,2437
отвъдно,2436
храст,2436
обет,2435
слой,2435
милионер,2434
кеф,2430
халюцинация,2428
състрадание,2428
откачалк,2428
гласуване,2428
овц,2427
барба,2427
съседа,2426
заглавие,2426
домакиня,2422
механик,2422
заплащане,2420
домакин,2415
боксьор,2415
царевица,2415
купувач,2414
черта,2412
заседание,2412
разпродажба,2411
орден,2410
легла,2410
диплома,2410
дръжка,2409
администрация,2409
текст,2408
сътрудничество,2408
колона,2406
тъпо,2406
мале,2406
последица,2405
парламент,2405
химикалка,2405
инат,2405
подозрение,2404
записка,2401
свещ,2401
докосване,2400
барон,2400
кабел,2398
съдружник,2398
завод,2397
комитет,2396
сътресение,2396
вълнение,2396
съдействие,2394
другиго,2394
недостатък,2394
чернокож,2392
лимонада,2390
прекъсване,2390
титан,2390
сладко,2389
момиченц,2389
хикс,2387
виц,2380
хвърляне,2378
контейнер,2378
генератор,2377
гръбнак,2377
памук,2377
шофиране,2375
психология,2370
перспектива,2370
капсула,2369
демокрация,2369
прехрана,2367
кметство,2367
дънки,2366
маргари,2366
залавяне,2366
пресконференция,2362
отстъпление,2362
изневер,2361
надзор,2360
мол,2360
спрей,2359
лукс,2358
тейт,2358
братовчеде,2358
тротоар,2358
убийца,2357
копеленце,2357
формула,2354
пожарникар,2350
паша,2348
кълбо,2347
пона,2347
мадама,2346
хазарт,2346
аванс,2345
попечителство,2343
безумие,2340
взаимоотношение,2338
възел,2336
мъчение,2335
катрина,2334
пушене,2334
яд,2334
брадва,2331
християнин,2329
сериал,2327
кука,2327
дракула,2326
шибаняца,2326
постановка,2323
коприна,2322
срив,2321
пеш,2319
силон,2318
мастило,2318
семестър,2316
пророчество,2316
еволюция,2314
свръх,2312
проф,2312
пророк,2312
приют,2312
сътрудник,2311
фурна,2310
екипировка,2310
корекция,2310
дима,2309
шорта,2309
блато,2308
хищник,2308
ангелче,2306
подполковник,2306
рибка,2305
строеж,2304
фойерверк,2302
изпълнител,2299
красавецо,2298
преводач,2298
пчела,2298
тревож,2296
пепелта,2295
мерцедес,2292
наопак,2289
статус,2289
последовател,2288
съквартирант,2288
фиба,2287
излъчване,2285
трек,2284
сънят,2283
мадмоазел,2281
папка,2281
корав,2280
петрол,2278
разпознаване,2278
феномен,2277
изложба,2277
отказ,2276
биология,2271
его,2270
учение,2269
вагина,2269
купище,2266
хайвер,2265
софтуер,2265
белега,2264
съблекалня,2264
наемник,2264
марла,2263
сфера,2263
вожд,2263
сутиен,2262
сироп,2262
капсул,2262
умнико,2259
пехота,2257
препоръка,2254
шал,2253
фраза,2253
флота,2252
виза,2251
възражение,2250
сандвича,2249
мухльо,2249
вито,2249
оглед,2248
медиум,2248
сладкиш,2248
мечо,2242
граната,2241
романтика,2241
неудачник,2241
столова,2238
желе,2237
жажда,2236
млрд,2235
ограничение,2234
динозавър,2234
покритие,2233
крикет,2232
зърно,2230
стръв,2230
кладенец,2229
независимост,2225
адът,2222
отис,2219
фактор,2216
нива,2215
аптека,2212
презерватив,2212
причиня,2212
инструктор,2210
съчувствие,2209
антик,2205
барака,2204
изгаряне,2199
матрица,2199
путка,2198
шейк,2198
сервитьор,2195
арена,2194
функция,2193
проследяване,2192
пъзело,2190
самурай,2187
самичък,2186
лапа,2185
караван,2183
сърбин,2182
дуел,2182
греха,2180
маниера,2179
мек,2176
бъбрец,2173
континент,2173
контрабанда,2171
кибрит,2171
саможертво,2170
прилеп,2169
кардинал,2169
тероризъм,2168
сърф,2168
хор,2168
бедра,2167
юга,2167
фюрер,2167
пудинг,2162
къмпинг,2161
литра,2160
внучка,2158
гугъл,2158
лиценз,2157
обрат,2157
реколтат,2156
огънче,2155
домат,2155
мамица,2155
поговорка,2154
прию,2151
точност,2150
престой,2150
бикина,2150
свине,2148
привилегия,2147
кексчета,2146
аватар,2146
мравка,2145
чаршафа,2144
община,2142
перук,2142
десер,2141
разказ,2141
разрез,2140
семе,2140
боя,2135
трон,2135
девственост,2134
реколта,2133
сондата,2133
страйк,2132
феникс,2132
дебелак,2130
посредник,2129
вуйчо,2127
наслада,2127
конституция,2126
конча,2125
брадичка,2123
урина,2122
храброст,2122
осиновяване,2119
жребец,2119
пойнт,2117
пазача,2116
затопляне,2116
експедиция,2116
хамбургер,2116
вагон,2116
мълния,2115
доставчик,2115
стотинка,2114
сладка,2114
картинка,2114
фъстък,2113
приземяване,2112
изтичане,2111
поздрав,2111
думичка,2110
къс,2110
теса,2109
гот,2108
преместване,2108
банкер,2107
артилерия,2105
ураган,2104
мажоретка,2103
зора,2103
оркестър,2101
следствие,2098
говорене,2098
плевня,2098
клюк,2097
бърбън,2096
нарушаване,2093
ненормалник,2093
пяна,2092
величие,2090
муниция,2089
светейшество,2089
трофей,2089
младоженец,2089
робиня,2088
пералня,2086
рога,2086
грам,2085
конска,2084
молив,2084
скръбт,2083
мече,2083
приложение,2081
интелигентност,2081
пиячка,2079
соса,2078
компромис,2078
околност,2074
концентрация,2070
камина,2070
торнадо,2068
асистентка,2067
релса,2067
дълбина,2065
епидемия,2065
безопастност,2063
ескорт,2060
показател,2059
каре,2058
сор,2057
завеса,2057
задържане,2056
ферар,2055
интуиция,2055
рождение,2053
продукция,2051
лепило,2048
бургер,2048
раят,2042
лес,2040
завес,2040
токче,2038
губернат,2036
надзирател,2033
метафор,2031
честност,2030
цигулка,2030
алтернатива,2029
бухалка,2029
чесън,2029
челюст,2029
подправка,2027
италианец,2026
секретаря,2025
анонимен,2025
ястреб,2025
картон,2021
смущение,2020
шампионат,2019
порция,2018
адреналин,2018
настинка,2017
иск,2017
био,2015
коля,2015
кацнем,2014
грозде,2012
копелдак,2012
зрител,2011
пепеляшка,2009
амиго,2009
врат,2009
невинност,2008
комикс,2007
знаменитост,2005
аматьор,2005
тераса,2004
пинг,2003
дансинг,2001
шедьовър,2001
олово,1999
предградие,1999
развалин,1998
парченце,1998
келнер,1997
девица,1995
термин,1994
кърпичка,1994
херцог,1993
фондация,1992
равновесие,1992
трансплантация,1987
кабело,1987
педераст,1986
американка,1986
звънец,1985
идол,1983
каруца,1983
парашут,1983
жестокост,1983
пандиза,1982
прасчо,1982
бегълец,1981
пипер,1981
навика,1979
имущество,1979
параной,1975
ничий,1974
лък,1974
унижение,1973
рапорт,1971
маестро,1970
ритник,1969
компенсация,1968
рядкост,1968
гъз,1968
изгода,1968
презерватива,1968
гълъб,1968
гостоприемство,1967
разбойник,1966
съседка,1966
пепър,1964
отравяне,1964
чекмедже,1962
занимание,1961
пижама,1960
лайнар,1958
джет,1957
завъртане,1957
хранилище,1953
госпожичке,1952
божие,1952
кукло,1951
свръхдоза,1951
брокер,1949
комедия,1949
кодекс,1947
лимузина,1947
ездач,1946
зам,1945
камбана,1945
амуниция,1944
нат,1944
жица,1944
старица,1943
опция,1942
утроба,1942
чат,1941
произведение,1940
упойка,1939
фризера,1938
департамент,1932
обвиняем,1932
залеза,1932
рус,1931
отклонение,1930
пъзел,1928
слово,1927
поло,1925
алчност,1924
бетовен,1924
почерк,1923
еза,1922
импулс,1920
отражение,1919
кум,1916
ухапване,1916
погрешка,1915
злоба,1914
жасмин,1913
поражение,1910
синина,1910
смес,1910
вуду,1910
сух,1909
егата,1908
радиостанция,1907
триъгълник,1907
тютюн,1907
пленница,1907
портмоне,1907
невредим,1907
сено,1906
грък,1906
банана,1906
заряд,1904
салам,1904
институция,1903
стих,1902
билка,1902
рака,1902
дребосък,1901
ребро,1900
пушек,1900
необходимост,1900
стачка,1899
сбирка,1899
камъч,1897
кук,1894
тоалетно,1894
квадрант,1891
залив,1891
половинка,1890
колиба,1890
бок,1890
проникване,1890
мон,1890
пури,1890
карма,1890
панд,1889
корупция,1889
мида,1889
скуба,1888
приятелчета,1888
амнезия,1886
талисман,1885
шут,1885
сладоледа,1885
тур,1885
стандарт,1885
зазоряване,1884
брег,1883
сьомга,1883
сензация,1883
агресия,1882
сувенир,1882
страдане,1882
притеснение,1881
зараза,1879
имекл,1879
измет,1878
ягода,1878
катерица,1877
бензиностанция,1877
веселие,1877
посрещане,1876
клип,1876
скаут,1875
хребет,1874
състезател,1873
организъм,1871
пиленце,1870
надпревара,1869
модул,1868
измъкване,1868
омлет,1867
недостиг,1866
лопа,1864
ладен,1863
алергия,1862
ходене,1860
изгаряние,1860
подръж,1860
изчисление,1859
хиж,1857
държание,1857
сервиз,1856
арома,1855
нефт,1855
кобра,1855
наблюдател,1855
превръзка,1854
каска,1853
подлец,1853
осигуровка,1853
обява,1851
слушалка,1851
картел,1850
ремон,1848
кадилак,1847
начинание,1847
смена,1847
писалка,1846
хапка,1846
говорител,1846
банан,1845
принос,1845
въглища,1845
фиш,1844
католик,1843
маи,1843
дечица,1843
ветеран,1842
спайдър,1842
обсег,1839
канцлер,1839
бягане,1838
чакал,1836
скарам-(се),1836
каране,1835
протест,1835
мащаб,1835
парчета,1834
медальон,1834
роса,1834
подобрение,1833
брашно,1833
роял,1831
възглавник,1829
курабийка,1829
детегледачка,1829
люк,1828
спална,1828
мия,1828
рог,1826
отвара,1826
тък,1824
яздя,1824
етикет,1824
готвене,1822
прототип,1821
различия,1820
бридж,1820
рядък,1817
кришна,1817
паразит,1816
прогноза,1815
кошница,1813
въздишка,1812
пещер,1811
торбичка,1811
гад,1810
стероид,1809
прехвърляне,1808
излет,1808
лост,1807
спонсор,1805
мушка,1804
кетчуп,1804
турчин,1803
общественост,1803
езда,1803
цвяте,1802
хард,1801
бежанец,1801
анализа,1800
общежитие,1799
обама,1798
пирамида,1797
благородник,1795
курво,1795
екземпляр,1795
пеене,1795
стълбище,1794
мейл,1794
криеница,1793
изискване,1793
цин,1793
изключване,1791
плейбой,1790
спане,1789
милостив,1788
перо,1788
завет,1788
буза,1788
запалка,1787
свет,1787
зор,1786
искра,1785
реактор,1784
дък,1783
сонда,1783
експрес,1783
макарон,1782
сесия,1782
зъба,1781
тъчдаун,1780
помпа,1778
експлозива,1778
факс,1777
псевдоним,1776
бъстър,1776
разрешително,1775
култ,1775
шефка,1774
изобретение,1772
отваряне,1771
махмурлук,1771
астрид,1769
хомо,1769
чет,1769
изпей,1769
чистач,1766
автомат,1765
кънектик,1764
шива,1763
хирургия,1763
вилица,1763
съборя-(се),1763
делфин,1762
синклер,1762
бедро,1760
платно,1757
учене,1757
пикар,1757
продан,1757
горчица,1756
неизвестност,1756
рибар,1756
амбиция,1755
пустош,1755
грима,1753
ваксина,1753
каньон,1752
всекидневен,1751
комар,1751
плак,1750
скорпион,1748
кученец,1747
коз,1747
планиране,1747
бункера,1747
скайнет,1744
кавалерия,1744
колет,1741
омег,1740
канализация,1739
съквартирантка,1736
писък,1735
лейтенанте,1732
охранител,1731
беля,1731
бъбрек,1730
спускане,1730
резерв,1729
сирена,1727
творение,1726
фара,1726
премиера,1725
скенера,1725
тек,1725
разплата,1725
благородие,1724
аномалия,1723
набиране,1723
стъпало,1723
орех,1722
платна,1720
страж,1720
приход,1718
броене,1718
рум,1718
танка,1717
барак,1715
кейк,1712
предпочитане,1712
тържество,1712
указание,1711
претърсване,1711
издръжка,1710
капитал,1710
съвършенство,1710
въздействие,1710
съвещание,1709
лен,1709
отсъствие,1709
магнит,1706
сътън,1706
бройка,1706
кашлица,1705
бейзбола,1704
хлапета,1704
господинч,1703
разсъмване,1702
вир,1702
създател,1702
флаш,1701
нарушител,1700
търг,1700
чадър,1697
гнило,1697
компас,1697
аб,1696
напускане,1695
бокса,1693
легион,1692
надрусан,1692
оптимус,1691
витамина,1691
привличане,1690
затруднение,1689
увеличение,1689
сутиена,1688
къщичка,1687
гигант,1687
ран,1687
образец,1687
капучино,1686
асоциация,1685
сеанс,1685
срит,1683
ферибот,1683
декларация,1682
шарка,1681
спестяване,1681
завист,1681
фрактура,1680
проход,1680
дърт,1679
респект,1678
оригинал,1678
усет,1677
борса,1676
равин,1676
истерия,1676
смотан,1675
патриот,1675
скуеър,1673
стаж,1673
хангара,1673
учебник,1672
лъва,1672
дреболие,1672
елф,1671
преимущество,1670
кило,1669
хакер,1668
захарт,1668
конец,1668
халка,1668
участник,1667
комунист,1667
том,1667
глутница,1665
изгнание,1665
хлебарка,1664
глупаче,1664
лама,1663
поласкане,1661
израза,1661
малоумник,1661
презентация,1660
фея,1659
назначение,1659
перло,1654
гена,1654
чара,1654
пациентка,1653
обезщетение,1652
боровинка,1652
чакане,1652
подъл,1650
еврейка,1650
астронавт,1650
букет,1648
прасета,1648
дипломиране,1647
угризение,1647
съглас,1647
тухло,1647
ветеринар,1646
сиропиталище,1646
козина,1645
успокой,1644
лабиринт,1642
отсек,1642
сладкишче,1640
спътник,1640
зед,1640
смрад,1640
горило,1639
буркан,1639
богаташ,1639
великден,1638
бърлога,1638
мило,1637
понг,1636
ръкав,1636
кутийка,1635
корл,1634
уловка,1634
претенция,1631
билярд,1630
заминаване,1629
кантор,1629
гущер,1629
къртица,1628
тибет,1627
летене,1627
монитор,1627
отчет,1625
табело,1625
обстрел,1624
опора,1624
булевард,1624
отпла,1623
дебора,1622
вземане,1622
възторг,1621
сипа,1620
календар,1620
пленник,1618
ножик,1618
каско,1617
тетрадка,1616
плач,1615
симулация,1613
супермаркет,1613
бариера,1613
прека,1612
хотдог,1612
изолация,1611
пасифик,1610
маш,1610
розал,1609
изследовател,1609
мазнина,1608
бора,1607
божке,1607
елха,1607
барабан,1606
огледал,1605
отговорник,1604
каишка,1604
моркова,1602
чиновник,1602
уединение,1602
хващане,1601
отломка,1601
злат,1600
консултация,1599
кавалер,1598
правомощие,1597
рисуване,1596
титаник,1596
бездомник,1595
пазаруване,1592
чак,1592
воал,1592
въшка,1591
доход,1590
подобие,1590
нападател,1590
супергерой,1589
терминал,1589
камо,1588
бика,1588
побой,1587
панаир,1586
фотоапар,1586
кисело,1586
канапе,1585
бункер,1582
епископ,1582
прилика,1581
фонтана,1581
елфа,1581
лев,1581
мирис,1580
старейшина,1580
важност,1580
резерва,1580
бегом,1580
корт,1579
бланка,1578
изкарване,1578
бедност,1578
шамар,1577
изтребител,1577
акъл,1576
обятия,1576
кенеф,1575
робство,1575
чеп,1574
пород,1574
лунатик,1574
кибер,1573
депозит,1573
ножица,1573
табел,1572
сливане,1571
борг,1570
обвързване,1570
мехур,1568
хулиган,1567
колебание,1566
тенисък,1566
коняк,1563
възмездие,1562
развлечение,1562
работилница,1560
забележка,1560
нагласа,1560
кокошка,1560
моне,1560
фотоапарат,1558
хубавец,1558
дъб,1557
мустанг,1557
тоник,1556
теа,1555
иконом,1555
кадет,1555
помия,1552
стадий,1552
фенерче,1551
носител,1551
плаза,1551
мистик,1550
формуляр,1550
преподавател,1550
дефект,1549
инвеститор,1549
котва,1549
бунта,1548
срама,1548
гъмжа,1547
идентификация,1547
гуру,1544
спирам-(се),1544
портиер,1544
комета,1544
сока,1543
фантастика,1543
сървър,1542
ваза,1542
предприемач,1541
квадрат,1540
виновник,1539
мал,1539
творец,1537
фенер,1536
пинка,1535
ирландец,1535
изкупление,1535
придружител,1535
пояс,1535
милиция,1535
бригада,1534
юрисдикция,1534
ентусиазъм,1533
техник,1530
приемник,1530
неудобство,1530
помилване,1530
инда,1529
прасенце,1528
изневяра,1527
изолатор,1527
детенце,1526
лихва,1526
мутант,1526
пюре,1525
спектакъл,1525
екстаз,1525
наличие,1524
експертиза,1523
звън,1523
съставка,1523
клиентка,1523
преминаване,1522
хуй,1521
ипотека,1521
бана,1521
графиня,1520
еко,1519
увреждане,1519
годинка,1518
облог,1517
стик,1517
привързаност,1516
расист,1516
туитър,1515
блед,1515
изработка,1514
триумф,1513
даденост,1513
неподчинение,1512
диджей,1511
параноик,1510
въдица,1510
пневмония,1509
мас,1509
драйв,1508
дъга,1507
рап,1506
медикамент,1506
специалитет,1506
имиджа,1505
антибиотица,1504
легенд,1504
носилка,1504
разсъдък,1503
цитат,1503
граал,1503
кръстник,1503
лета,1502
лицемер,1502
заслуга,1502
изнасилвач,1501
изповед,1501
бриз,1501
равенство,1500
камшик,1500
издънка,1499
смокинг,1499
детектор,1495
айс,1495
уран,1494
даун,1492
фантом,1491
рубин,1490
наставник,1489
прибор,1488
веселба,1488
пуша,1488
призовка,1487
пейка,1487
оле,1485
трапезария,1485
метрополис,1484
хормон,1484
кокал,1482
етика,1482
теч,1482
книжа,1482
аргумент,1481
дебат,1481
скалпел,1480
алцхаймер,1479
кънка,1479
чъка,1479
нар,1478
династия,1478
прадядо,1474
сираче,1474
бръснач,1472
склонност,1472
явление,1471
джакпот,1471
мото,1471
шахта,1470
преврат,1470
параграф,1470
оков,1470
приемане,1470
люлка,1470
милосърдие,1469
траур,1469
настойник,1468
намек,1468
ууу,1467
припадък,1467
напаст,1467
газа,1467
климат,1466
лак,1465
гадина,1464
речник,1463
тиква,1463
покрайнина,1460
бележник,1460
щуротия,1458
стюард,1458
гълъба,1457
забавяне,1457
изневиделица,1457
пита,1457
гибел,1457
вампира,1457
тао,1456
импулх,1456
хипа,1456
кама,1455
бардак,1455
длан,1455
обвивка,1454
злоупотреба,1454
колие,1452
обрив,1452
олио,1452
съперник,1452
петел,1451
скелет,1451
времев,1451
водопад,1450
психар,1450
синхрон,1450
бетон,1449
сладурана,1449
аудио,1447
кацне,1447
формация,1447
гарван,1447
хетеро,1446
вежда,1446
графство,1445
преданост,1441
лещи,1439
свръзка,1437
тигра,1437
покупка,1437
декан,1437
етике,1436
акра,1435
украса,1434
намаление,1432
крий,1431
телескоп,1430
лазер,1430
двойник,1430
неведение,1429
слугиня,1429
климатика,1429
регистрация,1429
подсъзнание,1429
клопка,1428
урагана,1427
комарджия,1425
водорасл,1424
вице,1424
бланш,1423
конвой,1423
шегичка,1422
разтвор,1421
чистота,1419
бъг,1419
опрощение,1418
изображение,1418
ултра,1417
удовлетворение,1417
дреболия,1417
дъг,1417
улов,1417
превъзходство,1416
живеене,1416
убеждение,1415
документация,1415
скип,1414
султан,1414
фар,1412
водопроводчик,1411
семинар,1411
касапин,1411
оптимист,1410
рев,1409
кучия,1408
настина,1408
финансиране,1408
тиксо,1407
композитор,1406
пардон,1405
площ,1405
смешник,1405
мюзикъл,1401
дево,1400
даване,1399
брок,1398
кочина,1397
преследвач,1397
лава,1396
тухла,1396
порше,1396
бастуна,1395
кошер,1395
гмуркане,1394
автома,1394
трансфер,1394
получаване,1391
бус,1391
ирис,1390
торпеда,1389
апокалипсис,1389
тава,1388
пансион,1388
двд,1386
унищожаване,1385
обръщение,1385
наркоманка,1385
кантора,1385
криминалист,1385
доброта,1385
лай,1384
изложение,1384
араб,1384
нощес,1383
грубиян,1382
стихотворение,1382
санитар,1382
визита,1381
прислуга,1380
фланг,1379
митница,1379
маратон,1379
размисъл,1379
графа,1378
монас,1378
мъченик,1378
мексиканец,1377
астероид,1377
пика,1377
четворка,1376
арсенал,1375
лекота,1375
дъст,1373
сестричка,1373
набор,1373
пустошт,1373
съответствие,1372
атлет,1371
жертвоприношение,1371
коледо,1370
бактерий,1369
мака,1369
изчакване,1369
бом,1369
затъмнение,1369
козел,1368
колба,1368
вражда,1367
железница,1367
наркодилър,1367
прилепя-(се),1366
воня,1366
извършител,1365
шлем,1365
разногласие,1364
футболист,1364
дядка,1364
хибрид,1364
банк,1364
нок,1364
консерва,1363
якудз,1362
худина,1362
каубо,1360
дискусия,1360
измислика,1360
съоръжение,1358
юфка,1358
бау,1358
възпитание,1358
делфина,1356
мотивация,1356
рентген,1356
есе,1356
шпионаж,1355
регион,1355
кръгче,1354
хон,1352
валута,1351
подводник,1351
картечница,1350
сетива,1350
работодател,1350
простак,1348
обичт,1348
майонез,1347
адиос,1346
пингвин,1346
мъниче,1345
царю,1345
борец,1345
почест,1345
купол,1345
синьор,1344
спортист,1344
княз,1343
какао,1343
гаджета,1342
критика,1342
занаят,1342
диско,1341
изкушение,1341
ковач,1341
бръмбар,1341
безсмислица,1339
камара,1339
дипломат,1339
муле,1339
самообладание,1339
физик,1338
папагал,1338
майтапя,1338
кашон,1337
стрида,1336
сак,1336
проституция,1335
облигация,1334
съединение,1334
отлагане,1333
книжарница,1331
стейт,1331
фото,1331
философ,1330
гърда,1328
плакат,1327
гард,1327
полка,1327
дисен,1327
опиум,1327
серум,1325
зоопарк,1325
препятствие,1324
обработка,1324
реванш,1323
казарма,1323
следобеда,1323
надут,1323
инициатива,1323
траектория,1322
консул,1322
лечебница,1321
концепция,1321
трион,1320
ликьор,1320
асо,1320
хавай,1319
шаман,1318
дедал,1318
героиня,1316
алилуя,1315
прочут,1315
влага,1315
наденица,1314
драма,1313
дружество,1312
хероина,1312
плазма,1312
забрана,1312
скърба,1311
селище,1311
аспект,1311
отвор,1310
растеж,1310
кроула,1309
сбиване,1309
партньорство,1308
шампоан,1308
учтивост,1307
извор,1307
чакра,1307
пробием,1307
дизайна,1306
известие,1306
домино,1306
панел,1305
плочка,1305
алкохолица,1305
преход,1305
велосипед,1305
марша,1304
шестица,1304
бърлог,1304
министре,1304
сбогуване,1303
лоби,1303
агония,1302
бейб,1302
кран,1301
чинг,1301
диета,1300
мод,1300
греба,1299
пръчика,1299
призвание,1299
черупка,1298
педала,1297
диас,1297
просяк,1297
рунда,1297
мечок,1297
освобождение,1296
салфетка,1295
кормило,1295
бездна,1295
фалшификат,1294
кофеин,1294
изчадие,1293
кулис,1293
таблетка,1292
разрушение,1292
насока,1291
испанец,1291
птиче,1290
зареждане,1289
грах,1289
предназначение,1289
градинар,1288
пудра,1288
кърма,1287
съда,1287
щастливка,1286
различие,1286
мъжкар,1286
колония,1284
маневра,1284
пунш,1283
мюсюлманин,1283
другаря,1282
идентичност,1281
ерекция,1281
нерв,1281
шаферка,1280
портре,1280
изкормвач,1280
караоке,1280
дилема,1279
консерв,1279
просветление,1278
диабет,1278
фургон,1277
пропаганда,1275
латино,1275
хрумне,1275
бъкла,1275
бивше,1274
съхранение,1274
серудда,1273
живо,1272
юки,1272
боеприпаси,1272
форс,1272
затваряне,1271
дод,1270
господарк,1268
джуджета,1267
занайт,1267
вибрация,1266
стойка,1265
дин,1264
турбо,1264
разпространение,1263
прожектор,1263
пенс,1263
дяна,1263
инвазия,1262
лазаня,1262
женитба,1261
съученик,1260
комендант,1260
барбекю,1260
руина,1260
бонбонче,1259
схяма,1259
влакно,1259
изпращане,1259
палячо,1259
партида,1259
дол,1258
райх,1258
карцера,1258
умора,1258
счетоводство,1257
кефа,1256
творба,1256
императрица,1255
общуване,1255
паметник,1255
разруха,1255
хамбара,1254
катера,1254
лула,1254
изпражнение,1254
социопат,1253
седло,1253
катедрала,1253
опастност,1253
благо,1253
плювалник,1253
бяс,1252
дубъл,1252
торпедо,1252
противоотрова,1251
пукнатина,1250
престилка,1250
фиск,1250
нашествие,1250
шилинг,1250
наденичка,1249
тъмница,1249
тъпанара,1249
ислям,1248
замах,1248
юнак,1248
ментор,1248
климатик,1247
пластмас,1245
мизерия,1245
кавга,1245
светица,1244
шала,1242
пекче,1242
възнаграждение,1241
външност,1241
тъкант,1240
изказване,1240
форта,1240
патка,1239
патика,1239
медуза,1239
пипин,1239
криене,1239
статистика,1239
маймунка,1238
талия,1237
детонатор,1237
намаляване,1237
клонинг,1236
чакалня,1236
мангиз,1235
атом,1233
досадник,1232
догет,1231
параклис,1231
глупачке,1231
маникюр,1230
синдикат,1230
небрежност,1230
бастун,1229
пирон,1228
русалка,1228
самочувствие,1227
виагра,1227
всемогъщия,1227
наемател,1227
флага,1226
афро,1226
юмрука,1226
шев,1226
селце,1226
злина,1226
бат,1226
готвачка,1226
мутра,1225
грешник,1225
гел,1225
самарянин,1225
рокендрол,1225
шейна,1224
християнство,1224
диаметър,1224
субект,1223
пъзльо,1223
колена,1222
ветерана,1222
хлапак,1221
бинг,1221
твара,1218
верност,1218
качулка,1217
здрач,1216
пал,1215
лате,1214
презрение,1214
про,1214
завършек,1214
благодат,1212
гъска,1212
недостатъчност,1210
инспекция,1210
колежка,1210
заместител,1210
филтър,1210
намушкан,1209
камшика,1209
формалност,1209
монтаж,1209
пелен,1209
вратичка,1208
пу,1208
уестърн,1208
безсмъртие,1207
определение,1207
астма,1207
справка,1206
еспресо,1205
кафета,1205
твърдение,1205
перука,1205
тяга,1205
щедрост,1204
курорт,1203
зен,1203
графе,1203
изграждане,1202
палата,1202
братче,1201
бръснене,1201
ъгла,1200
психиатрия,1200
любител,1199
активиране,1199
лепенка,1199
вегетарианец,1199
разкаяние,1198
клипа,1198
включване,1197
боеве,1197
дрон,1197
проповедник,1196
извод,1196
задушаване,1196
правилник,1196
крад,1196
причастие,1195
стриптизьорка,1194
запознанство,1194
досада,1194
ходом,1193
потапяне,1192
мотоциклет,1192
рубла,1191
гардън,1191
царе,1191
маратонка,1191
разписка,1190
атентат,1190
нокаут,1189
безпокой,1189
терор,1189
артефакт,1189
диария,1189
мома,1188
имитация,1188
блус,1188
изживяване,1187
препарат,1186
сбирщина,1186
спешност,1186
сламка,1186
комик,1184
поуст,1184
чаз,1184
длъжница,1182
маркуч,1182
жезъл,1182
момченец,1182
разказване,1181
хубавица,1181
дърводелец,1181
шегаджия,1181
поука,1180
филе,1180
успокоение,1180
портокал,1180
дрямка,1179
пере,1179
тестис,1179
таун,1179
аджум,1178
глобъл,1178
пускане,1177
фонг,1177
калория,1177
гадене,1177
протен,1177
милиардер,1176
блог,1175
пудж,1174
хрътка,1174
кашмир,1172
ескадрил,1172
дук,1171
изтока,1171
зов,1171
потомък,1171
банг,1170
бита,1169
гъл,1168
брюнетка,1168
годеж,1168
сияние,1165
повръщане,1165
комисионна,1165
кошеро,1164
сакат,1163
щанд,1163
метеорит,1163
аквариум,1162
хавлия,1162
прескот,1161
сумтене,1161
инициал,1161
уличка,1160
разузнавач,1160
лебед,1160
горкичка,1160
имигрант,1158
опаковка,1158
храбър,1158
сект,1158
индиец,1157
имеял,1157
покушение,1156
флашка,1155
нот,1155
блонда,1154
играча,1154
хобита,1153
педофил,1153
гринго,1152
закар,1151
сокол,1150
дяла,1150
чистачка,1150
предразсъдък,1149
делфиня,1148
жабка,1148
биография,1147
служа,1146
мъст,1146
глина,1146
нахлуване,1145
шейх,1144
хилядарк,1144
мигрена,1144
духач,1143
имидж,1143
твар,1143
възглед,1143
партизанин,1143
графиньо,1142
зар,1142
акционер,1142
спад,1141
рафт,1141
маркуча,1141
поднос,1141
фина,1141
тото,1140
крокодил,1140
адаптация,1140
кътч,1140
перла,1138
подземие,1138
маркер,1138
фризьор,1137
зиг,1137
увер,1137
сирен,1137
ведро,1136
строителство,1135
локва,1135
ягуар,1134
рол,1134
пр.,1134
шише,1134
разгар,1133
кашона,1133
кур,1133
плаване,1132
хипноза,1131
пладне,1130
лъжичка,1130
таро,1130
шен,1130
таксит,1129
орка,1129
прислужник,1129
странник,1129
зомбита,1129
преосвещенство,1128
милостиня,1128
боса,1128
уволнение,1128
шумен,1128
черва,1127
електроника,1127
слюнка,1127
отдих,1127
струна,1127
групировка,1126
последователност,1126
котарак,1125
фатима,1125
сабя,1125
медитация,1125
слушател,1125
дискотека,1124
арабин,1124
лимит,1124
мега,1124
визия,1124
свящ,1123
нрав,1122
управа,1122
пища,1122
ципа,1122
гимнастика,1121
топче,1120
тийнейджърка,1120
безпорядък,1120
шубе,1120
примка,1119
родео,1119
връв,1118
манго,1118
монсеньор,1116
близначка,1116
стюардес,1115
рейтинг,1115
актив,1115
тъпотия,1115
слова,1115
дър,1114
консулство,1114
авария,1114
аса,1113
азот,1113
допир,1113
наръчник,1112
рейс,1111
риболова,1111
бахама,1110
дружка,1110
боно,1110
говедо,1109
колекционер,1109
анте,1108
сряжа,1108
факултет,1108
подражание,1107
преподобния,1107
сеньорит,1107
тир,1107
чик,1106
комфорт,1106
химиотерапия,1105
пантер,1105
кариба,1105
кутре,1104
фонтан,1104
тиранин,1103
прасков,1103
принадлежност,1103
пропаст,1102
кура,1102
разписание,1102
фенка,1102
оправдане,1100
замърсяване,1099
камериерка,1099
несправедливост,1099
буен,1099
памперс,1099
кекс,1098
раздел,1098
трясък,1098
вследствие,1098
ванилие,1097
стабилност,1095
клингон,1094
резка,1094
медала,1094
бингла,1094
каприка,1093
прелест,1093
револвер,1093
североизток,1092
чертог,1092
саке,1091
марионетка,1091
капацитет,1090
фарс,1089
самичка,1089
човечност,1089
аптечка,1088
прочистване,1088
конюшня,1088
котенца,1088
крайник,1088
възпрепятстване,1088
руна,1088
кампус,1087
парашу,1087
разкъсване,1087
пубертет,1086
голфа,1086
ежедневие,1085
правда,1085
големина,1085
мащеха,1085
снаряд,1084
рехабилитация,1084
съкращение,1084
трол,1084
нишка,1083
инженерство,1083
поема,1083
месия,1082
полукълбо,1082
пенсиониране,1082
жлеза,1081
безделник,1081
навечерие,1081
мутация,1080
космат,1080
вот,1079
филипина,1079
крева,1079
сарказъм,1078
времева,1078
милиграм,1078
полица,1078
некадърник,1077
естество,1077
диктатор,1077
разсейване,1076
кошче,1076
потт,1076
вноска,1076
нежност,1075
отстраняване,1075
сета,1074
ръкопис,1073
крилца,1073
диагностика,1073
юл,1072
възхищение,1072
ананас,1072
маркиз,1072
французойка,1072
динг,1072
кима,1071
слабина,1071
указател,1071
техница,1070
катерене,1070
дер,1070
джакуз,1070
флирт,1070
профсъюз,1070
решителност,1070
риф,1069
филийка,1069
бъргър,1068
еднорог,1068
прекратяване,1068
пъхни,1067
амазонка,1067
ножче,1067
самоубиец,1067
скица,1067
внос,1066
египтянин,1065
очевидец,1065
тюлен,1064
командировка,1063
водород,1063
подслушване,1062
серума,1062
олимпиада,1062
равнище,1062
араба,1062
раздвижване,1062
пингвина,1061
орла,1061
карнавал,1061
прилив,1061
обека,1060
индивид,1060
варвар,1060
скамейка,1059
регистър,1059
матка,1059
диво,1058
конеца,1058
блокада,1058
канцлера,1058
круша,1057
наема,1057
витрина,1057
бода,1056
рокфелер,1056
глиган,1056
диспечер,1056
пакета,1055
бързина,1055
лакът,1055
волт,1055
пастир,1054
търсач,1054
критик,1054
руж,1053
парализ,1053
мистерий,1053
заявление,1052
резиденция,1052
фланелка,1052
херпес,1052
восък,1052
клевета,1052
канел,1051
мигне,1051
нюз,1050
пътешественик,1050
кифличка,1050
лопата,1049
проктър,1049
мечтател,1049
лечител,1049
дискретност,1049
микроб,1048
канавка,1047
югозапад,1047
деж,1047
халат,1046
дарт,1046
стимул,1046
гърла,1046
британа,1046
резюме,1045
романтик,1045
фараон,1045
писателка,1044
комикък,1043
дъка,1043
коронация,1043
панделка,1043
пейзаж,1042
копчета,1042
признателност,1042
наметало,1042
фал,1041
фитц,1041
идеал,1040
уравнение,1039
черньо,1039
плеща,1039
езер,1039
чувствителност,1039
саботаж,1039
залагание,1039
добавка,1039
подчинение,1038
гърне,1038
беса,1038
блаженство,1037
архитектура,1037
метла,1037
хирурз,1037
гризла,1037
носталгия,1037
началство,1037
сауна,1036
палеж,1036
парцел,1036
обяв,1036
ориентация,1036
пир,1035
бро,1035
партньорка,1035
дамски,1034
термина,1034
мотаем,1034
възкресение,1034
комин,1034
злия,1033
слепец,1033
престол,1032
мнозинство,1031
бакшиша,1031
противоречие,1031
предпочитание,1031
прозрение,1031
контрабандист,1031
кают,1031
яхния,1031
особа,1030
тюлена,1030
ария,1030
командващ,1030
хазна,1030
микроскоп,1030
касапница,1030
алейкум,1030
премия,1029
дежурство,1029
невредима,1029
ширина,1028
братовчедке,1028
губещ,1028
скит,1028
корделия,1027
изтегляне,1027
фраз,1027
кастинг,1027
учителко,1026
шивач,1026
автобуса,1026
гъдел,1025
поданица,1025
копнеж,1024
одеало,1024
прост,1024
първенство,1023
директорка,1023
зеница,1023
левкемия,1022
химн,1022
дезертьор,1022
огнева,1021
крушка,1021
потекло,1021
ът,1021
чантичка,1021
обсада,1021
лей,1021
листо,1020
стиг,1020
облага,1020
подбор,1020
сяра,1019
мяу,1019
пияник,1018
тъкана,1018
ниша,1018
късче,1018
песничка,1017
каталог,1017
наследница,1017
нота,1017
дрешка,1016
кож,1016
изхвърляне,1016
грешница,1015
алгоритъм,1014
молекул,1014
нагъл,1014
тесто,1013
безсъние,1013
руля,1013
журналистка,1013
валиум,1012
девственица,1012
морг,1011
лосион,1011
надмощие,1011
клапа,1011
депутат,1011
посмешище,1011
пълнител,1010
круиз,1010
друсан,1010
щуро,1009
празнуване,1009
девойче,1009
брошура,1008
раж,1008
антика,1008
отсрочка,1007
чернилка,1007
егоистка,1007
дроид,1007
популярност,1006
литър,1006
авто,1006
подиум,1005
находка,1005
мостра,1004
софтуера,1004
докторка,1004
обета,1003
съседство,1003
безобразие,1002
изучаване,1002
поличба,1002
буке,1002
хобит,1002
тиф,1001
щипка,1001
зайо,1001
блата,1001
мерзавец,1001
длана,1001
близалка,1000
сафар,999
осама,999
отличие,999
предпазител,999
старбък,998
хангар,997
титанин,997
личице,997
мостик,996
кюфтета,996
хокаге,996
охлюва,996
наркотика,995
тенекия,995
тиктака,995
прям,994
одеял,994
маккарт,994
реликва,994
протеин,994
шизофрение,994
сага,994
репликатор,993
рефлекс,993
мор,993
плака,993
диоксид,992
шишко,992
вота,991
произшествие,991
ревю,990
добрина,990
ръкостискане,990
северозапад,989
балерина,989
оргия,989
рязане,988
хитрост,988
краставичка,988
вещице,988
антена,988
язовира,987
одеве,987
влечуг,987
жокера,986
агнешко,986
опека,986
роба,986
бале,985
римлянин,985
куотърбек,985
жаргон,985
диалог,985
марихуана,984
издръжливост,984
ръгба,983
облака,983
мачо,983
любезност,983
майсторство,983
руло,983
оплеска,982
охлюв,982
гилза,982
куку,982
чистилище,981
разкопка,980
задръжка,980
запалване,980
авторитет,980
отдаденост,980
участ,979
койот,979
морет,979
кексче,979
стаичка,979
женкар,978
ребърца,978
прашец,977
хитрец,977
премахване,976
бегло,976
патолог,976
почитане,975
похвала,975
агне,975
заве,974
знамена,974
рала,974
анализатор,974
походка,973
мираж,973
бикини,973
великан,973
дет,972
холограм,972
чийзбургер,972
святка,971
конско,971
сървис,970
медик,970
мафиот,969
решаване,969
бол,969
кандидатура,968
джамия,968
романс,968
враждебност,967
тиквичке,966
фотография,966
джойнт,966
блъф,965
президенте,965
обсъд,964
суматох,964
симпатя,964
досущ,964
стек,964
зайец,963
оцет,963
шинигам,962
валс,962
невежество,962
наддаване,962
направление,961
гостенка,961
преграда,961
алкохоличка,960
андроид,960
фън,960
випуск,960
митология,960
откровение,958
утрин,958
сбор,958
гащичка,958
скулптура,958
смяса,958
ос,957
сато,957
жокер,957
въстание,956
партита,956
войниче,956
клюкарка,956
полета,956
шевролет,955
маркетинг,955
придружа,955
града,954
тадж,954
яснота,954
заключване,954
рампа,954
маниац,953
дуло,953
пожелание,953
средновековие,952
почтеност,952
събуждане,951
бъка,951
дестинация,951
спазъм,951
бордей,950
чушка,950
пин,950
лимита,949
спринцовка,949
гражданство,948
идио,948
вилидж,948
резервно,948
прецедент,948
степ,948
регент,948
шепот,948
дъртак,948
атома,947
кифло,947
метан,946
симба,946
щраус,946
капчица,946
сифилис,945
цев,945
хомосексуалист,944
левичар,944
пусто,944
цунама,944
изява,943
напомняне,943
иврит,943
пик,943
ласка,942
бактерия,942
сала,941
баса,941
прометей,940
изригване,940
храбро,940
добродетел,940
трансформация,940
брит,940
смелчага,940
бълха,940
токсина,940
червея,939
телепортиране,939
бъч,939
пес,937
сапуна,937
витамин,937
дует,937
крачет,937
мекушав,936
сваляне,936
парамедица,935
хипер,935
увеличаване,935
слива,934
залов,934
десетка,934
обуй,934
бутна,934
носорог,934
пощальон,933
яздим,933
мандат,933
трепач,933
безизходица,933
вале,933
свойство,933
избирател,933
порнография,933
бързане,932
хипотеза,932
електрошок,932
свекърва,932
навигатор,931
смут,930
глазура,930
пейджър,930
болт,929
шабат,929
годзил,928
влакче,928
матрак,928
флей,928
джаджа,927
същина,927
облик,927
химик,927
крана,927
адвок,927
свързване,927
магистър,926
субстанция,926
смесица,926
безредица,925
напътствие,925
тирания,925
копия,925
човечец,925
галактик,925
опор,924
виол,924
кухина,924
изба,923
удобство,923
обжалване,922
крон,922
обвина,921
лилаво,921
гал,921
мейло,921
талибан,921
разцвет,921
потомство,921
травестит,920
болкоуспокояващ,920
единство,920
шато,920
фанатик,920
производител,920
леговище,920
подножие,919
зъбка,919
разбиване,919
сержанте,918
анархия,918
таза,916
вентилация,916
бозайник,916
кратер,916
азиз,916
гръмотевица,914
свиждане,914
свитъка,914
бит,914
поведа,913
паяка,913
чертеж,913
страхливецо,912
дум,912
предсказание,912
детонация,912
тласък,911
предел,911
мъглявина,911
октопод,911
издател,911
микро,911
стотачка,911
малария,911
бездомница,911
грил,910
обик,910
шайка,910
публичност,910
мумия,909
тенденция,909
читател,909
хинда,909
княч,909
неизправност,909
мито,908
стрелка,908
патрула,907
плувец,907
крехък,907
пипал,907
карамел,907
старост,906
индъстрис,906
бор,906
конкурент,906
огледала,906
тято,905
маслина,905
пекарна,905
кивот,905
опонент,905
повторение,904
драг,904
стотин,904
покровител,904
дерархия,904
слоеве,904
гриф,904
падре,904
пътни,903
чечня,903
рулетка,903
гала,903
стелт,903
пророка,903
хонорар,902
тренера,902
монахин,902
обитател,902
омъж,902
виновен,902
пенсионер,901
арогантност,901
падение,901
звание,901
характеристика,900
промоция,899
повелител,899
сократ,899
цимент,899
ретро,899
кашкавал,899
мелница,899
поддръжник,899
магнат,899
подаване,898
цао,898
пророц,897
реалист,897
окоп,897
републиканец,897
бонбонка,896
гладиатор,896
несигурност,896
снайпер,896
фул,896
картечник,895
съображение,895
упоен,895
снаряда,894
отбой,894
нюх,893
увлечение,893
сует,893
буркана,893
цианид,892
разкриване,892
терминатор,892
шалом,892
принцес,892
проповед,892
банкомат,892
магнум,891
укриване,891
недоволство,891
шваба,891
сертификат,891
ролс,891
прераждане,890
скоб,890
кръвопролитие,890
хепатит,890
мента,890
рафта,890
разкопки,890
поляна,890
крясък,889
кръстопът,889
шаха,889
клауза,889
тояга,888
морта,888
ракия,888
отглеждане,888
католичка,887
въртене,887
пианист,886
самоунищожение,886
намока,886
проходя,885
парапе,885
маниер,885
организатор,884
рис,884
хватка,884
реве,884
ревнив,884
застой,884
грухтене,883
собственичка,883
хилядолетие,883
мащех,883
тиган,883
прат,883
становище,882
уреждане,882
дънка,882
указ,882
тлъст,881
атракция,881
джакузи,881
делегация,881
ставане,880
данъкоплатец,880
тичане,880
юзда,880
контра,880
сражение,880
ливада,880
конник,879
хаиде,879
коран,879
бръчка,879
чичко,879
сътворение,878
невеж,877
гася,877
скапаняка,876
фрау,876
одеколон,876
икономка,876
попълнение,876
тофу,875
невестулка,875
доказване,875
сънародник,875
кита,874
упс,874
скар,874
паста,874
отворко,874
пепса,874
седан,873
лъжика,873
археолог,873
дискриминация,872
морков,872
сътруднич,872
зестра,872
пиленц,871
застраховател,871
помияр,871
попай,871
подписване,871
брадърс,871
шишенце,871
разврат,870
минерал,870
спарка,869
дзен,869
прашка,868
англичанка,868
отшелник,868
лайняна,867
навека,867
щор,867
чекиджия,867
язва,866
циганин,865
махон,865
вафла,865
пресвет,865
математик,864
арка,864
пъстърв,864
разрушител,864
стриптийзьорка,864
параноя,864
бенка,863
инсталация,863
скъпоценност,862
отмъстител,862
самопризнание,862
годишник,861
галя,860
корал,859
измамница,859
салса,858
гатанка,858
равина,857
трофея,857
тамплиер,856
голиат,856
шот,856
коефициент,855
крема,855
зрънце,855
инсулин,854
гълъбче,854
метала,853
превръщане,853
фокусник,853
зеленчук,853
бобър,852
далечина,851
елит,851
вакуум,850
пещ,850
креща,850
чекия,850
хигиена,850
рима,849
медо,848
суперзвезда,848
изкоп,848
цуна,847
опасение,847
наздравица,847
евангелие,847
зето,847
пречистване,847
местност,847
ателие,846
скелета,845
претендент,845
паричка,845
ясновидец,845
катеричка,845
огнь,845
купидон,845
плейоф,845
разглеждане,845
богохулство,844
шир,844
тостер,844
подведа,844
ложа,844
лакомство,843
пролука,843
потомец,843
богородице,843
счупване,842
умиране,842
трансфера,842
неуспех,842
манипулация,842
вибратор,841
шайба,841
алох,840
живак,840
отделяне,840
вегетарианка,840
осмиметър,840
хек,840
доживот,840
симфоние,840
високоговорител,840
къпане,840
казина,839
невеста,839
сана,839
насилник,839
празнота,839
симпатия,838
доникъд,838
микс,838
любимка,838
направа,837
югоизток,837
спийд,837
кор,837
зола,837
осигуряване,836
макнал,836
дроида,836
морава,835
обирджия,835
доспех,835
хоумрън,835
фрагмент,835
гупт,834
кенгуру,834
вихър,834
диня,834
тампон,833
антарктика,833
таймер,833
възпаление,832
пентагон,832
бордо,831
принуда,831
пачка,831
пикльо,831
разпореждане,830
договорка,830
апаратура,830
ивица,830
праскова,830
жълто,830
пуф,830
геноцид,829
звънене,829
билдинг,829
рифа,828
разрушаване,828
слуз,828
гинеколог,828
леопард,828
удом,828
хималай,827
рада,827
главорез,827
фазер,827
благоприличие,827
прахосмукачка,826
строител,826
прищявка,826
клин,825
автопилот,824
самотник,824
фунта,823
къда,823
пъпка,822
треньоре,822
гонка,821
ининг,821
лагуна,820
ун,820
хамстер,820
клаксон,820
мл,820
гвиней,819
червенокос,819
схватка,819
троха,818
далавер,818
следене,818
транспортиране,818
зод,817
нета,817
подла,817
вайпър,817
таралеж,817
интимност,817
куц,816
достояние,816
прижаве,816
самоотбрана,816
теза,816
опозиция,816
шиш,816
алигатор,816
стоейка,816
банкрут,816
плата,815
хубавице,815
довод,815
ост,815
насочване,814
мейдей,814
флотилия,814
хава,814
дизел,814
брокол,813
вдигане,813
бесило,813
мармалад,813
маймунке,812
клещи,812
парадокс,812
телеграма,812
боевете,812
изкривяване,811
резонанс,811
мерник,811
започване,811
споделяне,810
инсулт,810
контузия,810
биопсия,810
празнина,809
кралик,809
бава,809
табелка,809
белина,809
носене,809
магьосница,809
краб,809
пейзажа,809
арестуване,809
мето,809
прически,808
топа,808
клаустрофобия,808
умница,808
мехурче,808
фез,808
фасул,808
шапчица,807
зебро,807
откачалник,807
овен,807
булдог,807
шайен,807
тера,806
уен,806
фалит,806
отвращение,806
пионка,806
байпас,805
наводнение,805
сутерен,804
журналистика,803
банкет,803
теоден,803
подвиза,803
алианс,803
шифър,802
размирик,802
тефтера,802
разноски,802
песос,802
зара,802
надзорник,802
отпуска,801
извършване,801
софтбол,800
настъпление,800
поклонник,800
отхвърляне,800
кът,800
голдън,799
наглост,799
евнух,798
кам,798
заселник,798
изпускане,798
шлюз,798
сорт,798
джеда,797
миньор,797
макарт,796
капана,796
крек,796
плитка,796
горещина,796
гвинея,796
ускорение,795
демократ,795
воина,795
завивка,795
лешояда,795
почерпка,795
изкачване,794
кок,793
танто,793
бърборене,793
бирма,792
галон,792
екзорсизъм,792
талон,792
разбирателство,792
четиво,792
перко,791
туб,791
плесен,791
антидепресант,791
шарлатанин,791
надбягване,791
родом,790
кръстовище,790
кинжал,790
извратеняк,790
гид,790
порцелан,789
дъщеричка,789
обръщане,789
копеленца,789
гепа,789
уебсайт,788
оптимизъм,788
бъзика,788
бури,787
вселен,787
амнистия,787
маскировка,787
астроном,787
оук,787
износ,787
клоуна,787
автобиография,786
клепач,786
покера,786
ролекс,786
гръне,786
основател,786
лого,786
подигравка,785
тримесечие,785
хапа,785
трасе,784
влекач,784
обесване,783
муз,782
диалект,782
канцелария,781
резерват,781
гилдия,780
бокал,780
випуска,780
кръгъл,780
кори,779
сноб,779
дебил,778
пачавра,778
подземия,778
крик,778
психоз,777
свидетелка,777
лотус,777
просяка,777
факло,776
чина,776
роувър,776
забий,776
нян,776
садист,776
протяже,776
нудълс,775
статут,775
куб,775
хелий,775
трюма,774
бегллец,774
бухал,774
сънбе,774
мат,774
пор,773
сюжет,773
ган,772
схващане,772
недоверие,772
изправност,772
аларъм,772
каро,771
бабче,771
удавяне,770
дивеч,770
пума,770
пряспа,769
анатомия,769
пино,769
духна,769
обкръжение,769
прислуг,769
предшественик,769
лакта,769
възбуда,768
присърце,768
господне,768
претекст,768
построяване,768
цезаре,768
интерне,767
наклон,767
загубенячка,767
припас,767
такт,767
алпа,767
пис,767
администратор,767
гръл,766
високопреосвещенство,766
пъп,766
смърф,766
бойс,765
смайла,765
фокстрот,763
гребен,763
мамут,763
палат,763
кану,763
програмист,762
джихад,761
панела,761
ненавист,761
камил,761
козирка,761
анимация,760
рапър,760
суб,760
мясия,760
трактор,760
клада,760
гьол,759
отказване,759
скромност,759
междудруго,759
проблясък,759
козметика,759
кюлче,759
летец,759
стика,759
стършел,758
юрист,758
гарнизон,758
въплъщение,758
порша,758
бунище,758
сплав,758
лют,758
изблик,757
купе,757
коремче,757
мрамор,757
опазване,756
туберкулоз,756
вдовец,756
чайник,756
зубър,756
опозор,755
возене,755
постигане,755
фантома,755
рочестър,755
контекст,754
владение,754
потоп,754
мускетар,754
вдовика,754
нещица,753
лавина,753
маг,752
синче,752
отличник,752
похот,752
обожател,752
инг,752
сериозност,751
излагане,751
юго,751
юк,751
боксерка,751
лакрос,750
акаунт,750
бръснар,750
зулу,750
пасаж,750
тоалет,750
натискане,749
стафид,749
танцуване,749
чирак,748
авантюр,748
флан,748
младина,748
разделяне,748
крокет,747
инквизиция,747
матрака,747
акбар,747
имплант,747
бени,746
миене,746
петица,746
сепия,746
кошмара,745
левак,745
фикс,745
юен,744
пулицър,744
самоуважение,744
греда,744
оттегляне,743
разделение,743
подразделение,743
синтез,743
тъща,743
озирис,742
имитатор,742
наклоня-(се),742
квалификация,742
потен,742
изобретател,741
отопление,741
изменник,741
паник,741
банкома,741
гр.,741
преспиване,740
география,740
пакетко,740
ползване,740
поклонение,740
размисл,739
зодия,739
молон,739
въртележка,739
арктика,739
домакинство,739
престолонаследник,738
тестване,738
девик,738
излей,738
отне,737
бедняк,737
професионалистка,737
бегач,737
каб,736
албума,736
табла,736
отвертка,735
изповедт,735
спирт,735
компонент,735
сова,735
буга,735
камъче,735
амулет,734
розуел,734
интерпретация,734
уинг,733
конфедерация,733
навигация,732
евреина,732
сахиб,732
толстой,732
пикчърс,732
антидот,732
породя-(се),732
въглерод,731
балонче,731
тепсия,731
склон,731
болния,731
годност,731
сушилня,731
момичешка,731
поляк,731
нощница,731
листовка,731
конвенция,730
терис,730
страхливка,730
обоняние,729
претоварване,729
корка,729
занятие,728
здрача,728
апач,728
репортерка,728
всъшност,727
барута,727
теле,727
скачане,727
самурая,727
чута,727
пале,727
подвиг,727
заглушител,727
лол,727
бюфет,726
пешка,726
гъделичка,726
артрит,726
петиция,726
изразяване,726
разрешителен,726
оракула,726
обединение,725
ято,725
далак,725
азбука,724
рагу,724
ултразвук,723
ретина,723
викинг,723
тъли,723
предизвестие,723
фасада,722
мъх,721
проводник,721
господство,721
здравеопазване,721
дискавър,721
слама,721
хаджи,721
разбойница,721
ефективност,721
фин,720
стартиране,720
грозник,720
махал,720
нострадамус,720
трика,720
пролив,720
бащинство,719
майстер,719
пепелник,719
кактус,719
колектива,719
определяне,719
тръна,719
упор,719
вентилатор,718
полувреме,718
натура,717
орлов,717
тарикат,716
кобил,716
деяние,716
свещенник,716
съревнование,716
крив,716
мърш,715
летва,715
дебют,715
киборг,715
кара,714
наложница,714
птиченце,714
аудиенция,714
цистерна,714
маркиза,714
презареждане,713
резолюция,713
гадняра,713
палта,713
простолюдие,713
епинефрин,713
разкош,713
лот,712
древност,712
лувър,712
реформа,711
моше,711
дара,711
подпомагане,711
палка,711
варел,711
говор,710
китарист,710
израелец,710
соул,710
телепорт,710
пързалка,710
разработка,710
привърженик,710
ода,709
сере,709
расизъм,709
утопия,709
гаф,708
шоубизнес,708
смирение,708
хазяина,708
манекен,708
заявка,708
плато,707
вдишване,707
етиен,707
бракма,707
ойл,707
обем,706
полезрение,706
чистача,706
утроб,706
класация,706
кимча,706
туп,705
комунизъм,705
запазване,705
военнопленник,705
повдигане,705
навеса,705
терес,705
таблица,704
тръст,704
психика,704
червенокоса,704
излишък,704
осо,704
бурен,703
вектор,703
въглен,703
псет,703
миста,703
буре,703
озов,702
дзъ,702
цака,702
лала,702
вол,701
кореец,701
лешояд,701
хрумване,701
скалпа,701
мелез,701
покривка,701
грация,701
скрап,700
крой,700
бинокъл,700
антракс,700
свалка,699
такос,699
кюфте,699
скачач,699
навлизане,699
идеалист,698
бучка,698
куриера,698
взимане,698
царице,698
лекарка,698
муцуна,697
разпечатка,697
егоизъм,697
отричане,696
конструкция,696
конче,696
спекулация,695
ултиматум,695
повишаване,695
копър,694
нашественик,694
нет,694
догадка,694
оправяне,694
куражлия,694
групичка,694
тигана,693
директива,693
пробация,693
краш,693
питка,693
потребител,693
бизон,692
холера,692
маруля,692
прецизност,692
срежа,692
изтощение,692
вандализъм,692
унищожител,692
писание,692
индивидуалност,691
наговор,691
еликсир,691
дневница,691
лика,690
лоб,690
мехлем,690
кулминация,690
пицария,690
дързост,689
параметър,689
наречение,689
стремеж,689
цитадела,688
алгебр,688
леща,688
чатал,688
кайма,688
фаворит,688
единак,688
патлака,687
балсам,687
рапунцел,687
джинса,687
появяване,687
букмейкър,687
ковчез,687
мемоар,687
тинейджър,687
фашист,687
ол,686
божество,686
мормон,685
бунгало,685
одера,685
гражданино,685
бюлетин,685
кресло,685
вразум,685
хьонгним,684
кума,684
персон,684
менте,684
стене,684
мъжество,683
мъник,683
въглехидрат,683
пъпеш,682
вулканец,682
кореспондент,682
електро,682
рождество,682
триъгълника,681
пресли,681
преброяване,681
супергеро,681
рускиня,681
присила,680
съзвездие,680
маркет,680
кореспонденция,680
катедрал,680
плантация,680
търсача,680
аорта,679
устав,679
грех,679
аутсайдер,679
християнка,679
рекет,679
избухване,679
суеверие,679
помен,678
поклон,678
въздържание,678
авиация,678
очичка,678
бискви,677
жито,677
командос,677
чау,677
библиотекар,677
автогара,677
туист,677
факла,677
пристан,677
белчо,677
светофар,677
шотландец,676
оборот,676
предпазливост,676
бюст,676
гипс,676
суета,676
джъмбо,675
гучи,675
отзив,675
пр,675
побойник,675
денонощие,675
разрешаване,674
жиголо,674
струя,674
мраз,673
кичур,673
спанак,673
талб,673
героизъм,673
ментов,673
запек,672
проклетник,672
ръчичка,672
гейт,672
аудитория,671
бомбардировач,671
деликатес,671
ряп,671
раздаване,670
хибрида,670
хап,670
придобивка,670
блекджек,670
режисура,670
безкрай,670
безкрайност,669
тойота,669
место,669
адвокатка,669
богиньо,669
уволно,669
светилище,669
таратайка,668
земляна,668
кунгфу,668
хиперпространство,668
куме,668
кушетка,668
аура,668
жрица,668
ръжд,668
тов,668
макартър,668
кетъринг,668
тъст,667
компаньонка,667
караница,667
градинаря,667
предлог,667
аджуши,666
канибал,666
гретел,666
радиатор,666
мемориал,666
връзване,666
кома,666
хамбар,665
позвъняване,665
телохранител,665
стерео,665
сечение,665
пържола,665
лигльо,665
хоу,665
пързаляне,665
хипит,665
селяндур,665
предателка,664
каши,664
посреда,664
чоп,664
паникьос,664
варварин,664
сапьор,664
сара,664
предприятие,664
танкред,664
плевел,664
интрига,664
сборище,663
сардина,663
трюфел,663
пеперон,663
жътва,662
финес,662
токов,662
ръмжене,662
емисия,662
ходещ,662
историк,662
палава,662
целувчица,662
жираф,661
тромпет,661
инка,661
уока,661
самура,661
интерфейс,661
шрапнел,661
назидание,660
поспа,660
резачка,660
бръснарница,660
целзий,660
амфетамина,660
капитолия,660
стот,660
реанимация,659
литургия,659
солидарност,659
проля,658
нют,658
нектар,658
пълномощие,657
приготовление,657
пристрастяване,657
шрифт,657
реконструкция,656
бомбардировка,656
агънце,656
херцогиня,656
почукване,656
разстрел,656
въоръжение,656
приключване,656
мъдрец,655
гарнитура,655
атлас,655
тенджера,655
конюшна,655
служителка,654
кардинале,654
графит,654
окупация,654
метъл,653
хина,653
фай,653
гадай,653
шоколадче,653
мантия,653
амоняк,652
свитък,652
издане,652
кифла,652
закъснител,652
кардасиан,652
сган,652
продаване,652
дружба,652
мейла,651
лупа,651
орхидея,651
сандал,651
геометрия,651
жребецо,651
брифинг,651
къдрица,651
йогурт,650
шимпанзе,650
херния,650
капут,650
коловоз,650
